code,preshead,conductivity
1010,18.0,45.6
1010,27.0,36.96
1010,34.0,30.0
1010,39.0,24.24
1010,42.0,19.75
1010,47.0,11.18
1010,51.0,1.814
1010,79.0,1.08
1010,88.0,0.432
1010,90.0,0.08928
1010,110.0,0.02203
1011,15.0,90.24
1011,20.0,81.12
1011,25.0,66.96
1011,28.0,55.68
1011,31.0,46.56
1011,34.0,27.84
1011,38.0,7.944
1011,40.0,2.282
1011,51.0,1.111
1011,58.0,0.348
1011,71.0,0.1056
1011,73.0,0.00998
1012,10.0,1337.0
1012,11.0,852.0
1012,16.0,619.2
1012,20.0,439.2
1012,22.0,314.4
1012,27.0,141.1
1012,33.0,37.2
1012,36.0,11.35
1012,38.0,5.256
1012,41.0,3.264
1012,46.0,1.805
1012,51.0,0.8712
1012,57.0,0.3312
1012,63.0,0.1159
1012,65.0,0.05976
1013,0.0,191.3
1013,3.0,188.9
1013,9.0,151.2
1013,20.0,71.04
1013,27.0,27.84
1013,30.0,11.11
1013,35.0,3.72
1013,41.0,1.572
1013,48.0,0.8568
1013,57.0,0.3384
1013,60.0,0.1908
1013,63.0,0.08136
1013,64.0,0.05568
1014,0.0,77.76
1014,7.0,41.04
1014,14.0,14.16
1014,22.0,4.92
1014,31.0,2.4
1014,37.0,1.567
1014,40.0,0.1822
1014,43.0,0.7992
1014,44.0,0.4968
1015,0.0,77.76
1015,7.0,41.04
1015,14.0,14.16
1015,22.0,4.92
1015,31.0,2.4
1015,37.0,1.567
1015,43.0,0.7992
1015,44.0,0.4968
1015,40.0,0.1822
1020,33.0,156.0
1020,35.0,79.2
1020,38.0,18.0
1020,39.0,5.04
1020,40.0,4.212
1020,41.0,2.04
1020,43.0,3.12
1020,44.0,1.794
1020,45.0,0.9814
1020,46.0,0.6
1020,48.0,0.4883
1020,49.0,0.288
1020,50.0,0.264
1020,54.0,0.216
1020,55.0,0.192
1020,57.0,0.1512
1020,59.0,0.168
1020,67.0,0.1176
1020,68.0,0.1416
1020,73.0,0.0864
1020,74.0,0.0864
1020,79.0,0.072
1020,81.0,0.06
1020,84.0,0.0384
1020,86.0,0.0312
1020,88.0,0.02208
1020,91.0,0.02304
1020,96.0,0.01296
1020,99.0,0.01152
1021,29.0,235.2
1021,30.0,264.0
1021,34.0,61.44
1021,35.0,26.4
1021,36.0,16.32
1021,38.0,11.76
1021,39.0,9.84
1021,40.0,6.956
1021,41.0,5.147
1021,43.0,3.6
1021,44.0,2.376
1021,45.0,1.512
1021,46.0,1.44
1021,49.0,0.7099
1021,51.0,0.5608
1021,54.0,0.432
1021,55.0,0.336
1021,65.0,0.336
1021,67.0,0.264
1021,68.0,0.1632
1021,72.0,0.144
1021,74.0,0.1272
1021,78.0,0.1128
1021,79.0,0.06
1021,82.0,0.04503
1021,84.0,0.0336
1021,85.0,0.02304
1021,90.0,0.02064
1022,9.0,1920.0
1022,16.0,720.0
1022,21.0,232.8
1022,22.0,384.0
1022,25.0,100.8
1022,26.0,312.0
1022,27.0,74.94
1022,30.0,43.2
1022,31.0,55.36
1022,32.0,21.7
1022,33.0,18.0
1022,35.0,12.89
1022,36.0,14.4
1022,37.0,6.917
1022,39.0,6.332
1022,41.0,2.798
1022,43.0,1.776
1022,44.0,1.954
1022,46.0,1.32
1022,47.0,1.416
1022,50.0,0.7777
1022,51.0,0.36
1022,54.0,0.288
1022,55.0,0.552
1022,57.0,0.288
1022,58.0,0.408
1022,59.0,0.1968
1022,61.0,0.2328
1022,63.0,0.2064
1022,64.0,0.1824
1022,65.0,0.1512
1022,66.0,0.1507
1022,71.0,0.1052
1022,78.0,0.576
1023,8.0,816.0
1023,12.0,552.0
1023,16.0,480.0
1023,17.0,336.0
1023,22.0,79.2
1023,26.0,28.32
1023,28.0,23.04
1023,32.0,16.8
1023,36.0,3.84
1023,38.0,2.4
1023,45.0,0.96
1023,47.0,0.36
1023,50.0,0.24
1023,53.0,0.1632
1024,7.0,288.0
1024,14.0,72.0
1024,20.0,24.0
1024,37.0,4.32
1024,46.0,1.872
1024,51.0,1.104
1024,58.0,0.672
1024,62.0,0.528
1024,67.0,0.432
1030,,
1031,,
1032,,
1040,,
1041,,
1042,,
1043,,
1050,,
1051,,
1052,,
1053,,
1054,,
1060,,
1061,,
1062,,
1063,,
1070,,
1071,,
1072,,
1073,,
1074,,
1075,,
1080,,
1081,,
1082,,
1083,,
1084,,
1085,,
1086,,
1087,,
1090,,
1091,,
1092,,
1100,,
1101,,
1102,,
1103,,
1104,,
1110,,
1111,,
1112,,
1113,,
1114,,
1115,,
1116,,
1117,,
1120,,
1121,,
1122,,
1123,,
1130,,
1131,,
1132,,
1133,,
1134,,
1135,,
1140,,
1141,,
1142,,
1143,,
1150,,
1151,,
1152,,
1160,,
1161,,
1162,,
1163,,
1164,,
1165,,
1166,,
1170,,
1171,,
1172,,
1173,,
1174,,
1180,11.0,3.648
1180,23.0,0.1522
1180,28.0,0.2976
1180,33.0,0.0672
1180,39.0,0.1097
1180,53.0,0.03384
1180,73.0,0.02664
1180,89.0,0.02268
1180,104.0,0.02028
1180,117.0,0.01874
1180,134.0,0.01735
1181,0.0,8.328
1181,6.0,2.784
1181,18.0,1.639
1181,25.0,0.3216
1181,31.0,0.492
1181,38.0,0.113
1181,43.0,0.144
1181,53.0,0.04176
1181,67.0,0.036
1181,78.0,0.04032
1181,88.0,0.05496
1181,96.0,0.09984
1181,135.0,0.00758
1182,0.0,3.192
1182,10.0,2.311
1182,21.0,0.9792
1182,31.0,0.7728
1182,40.0,0.3192
1182,47.0,0.2712
1182,58.0,0.07344
1182,71.0,0.05304
1182,78.0,0.04344
1182,83.0,0.0372
1182,88.0,0.03288
1182,99.0,0.02424
1182,105.0,0.0216
1182,130.0,0.00506
1183,0.0,1.769
1183,13.0,1.632
1183,26.0,0.828
1183,37.0,0.6144
1183,54.0,0.24
1183,64.0,0.0768
1183,76.0,0.05496
1183,83.0,0.0444
1183,88.0,0.03768
1183,93.0,0.03312
1183,99.0,0.02808
1183,116.0,0.1954
1183,130.0,0.00564
1184,30.0,2.712
1184,36.0,0.6528
1184,42.0,0.7992
1184,49.0,0.5328
1184,54.0,0.3936
1184,63.0,0.1469
1184,73.0,0.0912
1184,77.0,0.06984
1184,79.0,0.05976
1184,93.0,0.04752
1184,99.0,0.04656
1184,114.0,0.0468
1184,123.0,0.036
1190,20.0,1.33
1190,37.0,0.3073
1190,48.0,0.1566
1190,54.0,0.104
1190,59.0,0.07742
1190,63.0,0.06312
1190,67.0,0.05242
1190,71.0,0.04462
1190,76.0,0.03667
1190,80.0,0.0312
1190,82.0,0.02837
1190,84.0,0.02606
1190,86.0,0.02405
1190,88.0,0.02258
1190,90.0,0.02107
1190,91.0,0.01966
1190,92.0,0.01843
1190,94.0,0.0174
1190,95.0,0.01646
1190,97.0,0.0155
1190,98.0,0.01454
1190,100.0,0.01354
1190,101.0,0.01265
1190,104.0,0.01171
1190,107.0,0.01087
1190,108.0,0.01015
1190,110.0,0.00953
1190,112.0,0.00893
1190,113.0,0.00842
1190,116.0,0.00804
1190,117.0,0.00763
1190,118.0,0.00727
1190,120.0,0.0068
1190,122.0,0.00636
1190,123.0,0.00612
1190,124.0,0.00588
1190,126.0,0.00566
1190,129.0,0.00547
1190,131.0,0.0052
1190,132.0,0.00492
1190,133.0,0.0047
1190,134.0,0.00445
1190,135.0,0.00425
1190,138.0,0.00409
1190,141.0,0.00389
1190,145.0,0.00371
1190,148.0,0.00353
1190,151.0,0.00324
1190,152.0,0.00329
1190,153.0,0.00305
1190,158.0,0.00289
1190,161.0,0.00278
1190,165.0,0.00266
1190,169.0,0.0025
1190,173.0,0.0024
1190,178.0,0.00228
1191,,
1192,0.0,14.84
1192,6.0,12.88
1192,12.0,3.074
1192,20.0,2.354
1192,21.0,1.567
1192,27.0,0.9733
1192,30.0,1.237
1192,32.0,0.7021
1192,35.0,0.6965
1192,38.0,0.5245
1192,40.0,0.5932
1192,41.0,0.4979
1192,43.0,0.4984
1192,44.0,0.4432
1192,47.0,0.39
1192,48.0,0.4308
1192,50.0,0.379
1192,53.0,0.5035
1192,54.0,0.3485
1192,58.0,0.3479
1192,59.0,0.3214
1192,60.0,0.3558
1192,61.0,0.289
1192,62.0,0.3358
1192,63.0,0.1998
1192,64.0,0.1853
1192,65.0,0.2606
1192,66.0,0.1756
1192,67.0,0.1981
1192,69.0,0.2751
1192,71.0,0.1551
1192,72.0,0.2978
1192,74.0,0.119
1192,75.0,0.1354
1192,76.0,0.1725
1192,77.0,0.1208
1192,78.0,0.2151
1192,79.0,0.1575
1192,81.0,0.1294
1192,82.0,0.1333
1192,83.0,0.1172
1192,84.0,0.1212
1192,85.0,0.1008
1192,86.0,0.09505
1192,87.0,0.09912
1192,88.0,0.0984
1192,89.0,0.09763
1192,90.0,0.09703
1192,91.0,0.0877
1192,92.0,0.1018
1192,93.0,0.07687
1192,94.0,0.09717
1192,96.0,0.08875
1192,97.0,0.06967
1192,98.0,0.07014
1192,99.0,0.06396
1192,100.0,0.07928
1192,101.0,0.07834
1192,102.0,0.08327
1192,103.0,0.09041
1192,104.0,0.06425
1192,105.0,0.0787
1192,106.0,0.07345
1192,107.0,0.06629
1192,108.0,0.07565
1192,109.0,0.1011
1192,110.0,0.1211
1192,111.0,0.08978
1192,112.0,0.07618
1192,114.0,0.06777
1192,115.0,0.05687
1192,116.0,0.05407
1192,118.0,0.0682
1192,119.0,0.06048
1192,120.0,0.08633
1192,121.0,0.08772
1192,122.0,0.08674
1192,124.0,0.04964
1192,126.0,0.05443
1192,127.0,0.06984
1192,135.0,0.06569
1192,139.0,0.05074
1192,141.0,0.0431
1192,143.0,0.05573
1192,145.0,0.05741
1192,146.0,0.07378
1192,147.0,0.06089
1193,0.0,6.469
1193,8.0,1.853
1193,17.0,0.9608
1193,21.0,0.627
1193,25.0,0.5518
1193,29.0,0.5367
1193,31.0,0.4065
1193,33.0,0.3461
1193,35.0,0.3119
1193,38.0,0.2788
1193,40.0,0.2301
1193,41.0,0.1978
1193,43.0,0.1996
1193,44.0,0.1751
1193,45.0,0.1501
1193,48.0,0.1491
1193,50.0,0.1567
1193,51.0,0.1328
1193,53.0,0.1023
1193,55.0,0.09962
1193,56.0,0.1098
1193,58.0,0.1025
1193,60.0,0.09278
1193,62.0,0.08431
1193,64.0,0.08575
1193,65.0,0.08868
1193,67.0,0.06679
1193,69.0,0.07003
1193,71.0,0.0666
1193,73.0,0.06346
1193,74.0,0.0606
1193,76.0,0.05801
1193,77.0,0.05837
1193,78.0,0.05489
1193,80.0,0.05789
1193,81.0,0.04423
1193,82.0,0.05443
1193,83.0,0.039
1193,86.0,0.04618
1193,87.0,0.0461
1193,89.0,0.03797
1193,90.0,0.0419
1193,92.0,0.04079
1193,95.0,0.04447
1193,96.0,0.04488
1193,97.0,0.03655
1193,98.0,0.03374
1193,100.0,0.02849
1193,101.0,0.0351
1193,103.0,0.03382
1193,105.0,0.02695
1193,106.0,0.03403
1193,108.0,0.02611
1193,109.0,0.02566
1193,110.0,0.02587
1193,112.0,0.02212
1193,114.0,0.02044
1193,117.0,0.0209
1193,118.0,0.02162
1193,119.0,0.02179
1193,121.0,0.02318
1194,0.0,8.465
1194,3.0,2.273
1194,11.0,1.241
1194,15.0,0.8156
1194,19.0,0.5953
1194,20.0,0.5214
1194,23.0,0.4425
1194,26.0,0.3269
1194,29.0,0.2543
1194,32.0,0.2223
1194,33.0,0.2098
1194,35.0,0.1985
1194,36.0,0.183
1194,37.0,0.1718
1194,38.0,0.1603
1194,41.0,0.1511
1194,42.0,0.1431
1194,43.0,0.1364
1194,44.0,0.1291
1194,46.0,0.1229
1194,49.0,0.1021
1194,51.0,0.0917
1194,53.0,0.08412
1194,56.0,0.07745
1194,58.0,0.06379
1194,61.0,0.06055
1194,63.0,0.0557
1194,64.0,0.05299
1194,66.0,0.05047
1194,68.0,0.04822
1194,69.0,0.04574
1194,70.0,0.04301
1194,71.0,0.04104
1194,72.0,0.04151
1194,74.0,0.03898
1194,76.0,0.03857
1194,78.0,0.03601
1194,79.0,0.033
1194,81.0,0.03175
1194,82.0,0.03185
1194,83.0,0.03091
1194,84.0,0.02957
1194,85.0,0.0288
1194,87.0,0.02815
1194,88.0,0.02772
1194,89.0,0.02657
1194,90.0,0.02503
1194,92.0,0.02515
1194,93.0,0.02494
1194,95.0,0.02515
1194,97.0,0.02332
1194,98.0,0.02275
1194,99.0,0.02254
1194,100.0,0.02191
1194,101.0,0.02172
1194,102.0,0.02134
1194,104.0,0.02028
1194,105.0,0.01929
1194,106.0,0.01922
1194,107.0,0.0186
1194,110.0,0.0179
1194,111.0,0.0168
1194,112.0,0.01634
1194,114.0,0.0163
1200,7.0,0.2741
1200,8.0,0.1826
1200,11.0,1.38
1200,16.0,0.1159
1200,20.0,0.06907
1200,22.0,0.02193
1200,23.0,0.1177
1200,24.0,0.353
1200,25.0,0.463
1200,30.0,0.108
1200,38.0,0.09492
1200,40.0,0.059
1200,43.0,0.07102
1200,46.0,0.08273
1200,48.0,0.0953
1200,51.0,0.0952
1200,55.0,0.05698
1200,58.0,0.04186
1200,61.0,0.05138
1200,65.0,0.04517
1200,68.0,0.0274
1200,71.0,0.02098
1200,74.0,0.0145
1200,75.0,0.01822
1200,78.0,0.0209
1200,80.0,0.01618
1201,0.0,1.028
1201,2.0,0.9993
1201,9.0,1.236
1201,14.0,0.3449
1201,16.0,0.237
1201,17.0,0.3159
1201,18.0,1.187
1201,20.0,0.704
1201,28.0,0.695
1201,31.0,0.3718
1201,33.0,0.3497
1201,35.0,0.558
1201,36.0,0.05868
1201,38.0,0.1521
1201,40.0,0.64
1201,42.0,0.6154
1201,46.0,0.791
1201,49.0,1.72
1201,51.0,0.09459
1201,55.0,0.4984
1201,57.0,0.3735
1201,60.0,0.2348
1201,64.0,0.5002
1201,65.0,0.2089
1201,69.0,0.2922
1201,71.0,0.09766
1202,3.0,0.2964
1202,5.0,0.2897
1202,9.0,0.598
1202,17.0,1.037
1202,22.0,1.089
1202,26.0,0.5321
1202,28.0,0.2665
1202,30.0,0.2113
1202,31.0,0.1496
1202,32.0,0.1531
1202,34.0,0.2481
1202,36.0,0.1678
1202,38.0,0.09756
1202,39.0,0.08309
1202,41.0,0.09199
1202,43.0,0.09245
1202,44.0,0.09158
1202,47.0,0.0629
1202,50.0,0.04358
1202,53.0,0.04054
1202,56.0,0.03384
1202,58.0,0.01415
1202,59.0,0.01246
1202,61.0,0.0199
1202,66.0,0.0252
1202,70.0,0.01675
1203,12.0,0.9447
1203,16.0,1.288
1203,22.0,2.102
1203,30.0,2.915
1203,34.0,2.624
1203,36.0,1.273
1203,37.0,0.5952
1203,38.0,0.7502
1203,39.0,0.8333
1203,40.0,0.3343
1203,41.0,0.3524
1203,43.0,0.5362
1203,44.0,0.4119
1203,45.0,0.3318
1203,47.0,0.2141
1203,48.0,0.1522
1203,49.0,0.1619
1203,51.0,0.1593
1203,52.0,0.1646
1203,55.0,0.126
1203,57.0,0.09338
1203,59.0,0.09782
1203,61.0,0.08578
1203,62.0,0.04471
1203,63.0,0.03038
1203,64.0,0.03281
1203,66.0,0.05815
1203,69.0,0.07726
1203,71.0,0.04519
1204,15.0,1.923
1204,19.0,2.845
1204,24.0,4.705
1204,30.0,5.713
1204,34.0,4.53
1204,36.0,2.227
1204,37.0,1.178
1204,38.0,1.326
1204,40.0,0.9609
1204,41.0,0.45
1204,42.0,0.6783
1204,43.0,0.8543
1204,44.0,0.6578
1204,46.0,0.5582
1204,47.0,0.359
1204,48.0,0.2618
1204,50.0,0.2677
1204,51.0,0.2609
1204,52.0,0.2736
1204,54.0,0.2197
1204,57.0,0.1174
1204,58.0,0.06541
1204,60.0,0.03946
1204,62.0,0.04102
1204,63.0,0.06835
1204,65.0,0.08882
1204,66.0,0.04742
1210,31.0,3.106
1210,39.0,2.634
1210,40.0,0.6798
1210,43.0,1.57
1210,45.0,0.3682
1210,48.0,1.102
1210,50.0,0.2455
1210,54.0,1.246
1210,58.0,0.1841
1210,72.0,0.09278
1210,84.0,0.05146
1210,90.0,0.03228
1210,97.0,0.0217
1210,101.0,0.01654
1210,103.0,0.0132
1210,107.0,0.01092
1210,109.0,0.00929
1210,114.0,0.00496
1210,117.0,0.00275
1210,119.0,0.00629
1210,121.0,0.00305
1210,124.0,0.0054
1210,129.0,0.00354
1211,32.0,8.488
1211,35.0,4.198
1211,37.0,2.044
1211,42.0,1.724
1211,50.0,1.035
1211,58.0,0.5291
1211,66.0,0.4341
1211,72.0,0.3347
1211,77.0,0.2667
1211,79.0,0.2006
1211,82.0,0.1638
1211,84.0,0.1315
1211,89.0,0.1191
1211,93.0,0.1179
1211,96.0,0.09437
1211,99.0,0.08028
1211,101.0,0.09658
1212,26.0,14.32
1212,28.0,7.047
1212,31.0,4.554
1212,35.0,2.908
1212,39.0,2.145
1212,45.0,1.308
1212,53.0,0.8243
1212,60.0,0.4842
1212,66.0,0.3476
1212,69.0,0.3236
1212,71.0,0.2953
1212,74.0,0.2657
1212,77.0,0.2076
1212,80.0,0.1822
1212,84.0,0.1479
1212,88.0,0.1057
1212,91.0,0.1014
1212,93.0,0.1341
1212,94.0,0.1725
1212,96.0,0.7067
1213,21.0,5.503
1213,22.0,5.976
1213,23.0,21.78
1213,26.0,2.836
1213,34.0,1.346
1213,40.0,0.815
1213,43.0,0.6153
1213,49.0,0.3726
1213,48.0,0.3047
1213,51.0,0.4065
1213,55.0,0.3152
1213,57.0,0.2244
1213,63.0,0.2107
1213,68.0,0.1539
1213,71.0,0.1135
1213,73.0,0.1026
1220,,
1221,,
1222,,
1223,,
1224,,
1225,,
1230,,
1231,,
1232,,
1233,,
1234,,
1235,,
1236,,
1237,,
1240,12.0,148.6
1240,13.0,130.4
1240,14.0,44.71
1240,15.0,27.91
1240,16.0,11.81
1240,17.0,12.67
1240,19.0,5.599
1240,20.0,3.189
1240,21.0,4.199
1240,22.0,3.024
1240,23.0,1.175
1240,24.0,0.13
1240,26.0,0.05167
1240,27.0,1.737
1240,30.0,0.2229
1240,31.0,0.08441
1240,32.0,0.02207
1240,34.0,0.2376
1240,35.0,0.0216
1240,37.0,0.09418
1241,2.0,566.8
1241,7.0,1661.0
1241,9.0,220.4
1241,10.0,28.77
1241,12.0,169.7
1241,13.0,97.42
1241,14.0,76.89
1241,15.0,38.79
1241,16.0,14.96
1241,17.0,7.395
1241,18.0,6.828
1241,19.0,4.06
1241,20.0,5.96
1241,21.0,5.391
1241,22.0,2.393
1241,23.0,0.8173
1241,24.0,1.019
1241,26.0,0.1533
1241,27.0,0.00924
1241,28.0,0.1536
1241,29.0,0.3131
1241,30.0,0.09331
1241,31.0,0.03784
1241,32.0,0.2281
1241,33.0,0.04189
1241,34.0,0.09179
1241,35.0,0.07344
1241,38.0,0.03119
1260,34.0,31.36
1260,46.0,9.504
1260,63.0,11.75
1260,81.0,6.549
1260,94.0,10.71
1260,104.0,6.299
1260,132.0,2.411
1260,161.0,0.9763
1260,202.0,0.3741
1260,261.0,0.1469
1260,313.0,0.07353
1261,46.0,66.01
1261,54.0,32.49
1261,65.0,32.66
1261,77.0,17.02
1261,87.0,37.07
1261,96.0,21.6
1261,122.0,14.6
1261,148.0,6.739
1261,185.0,2.117
1261,243.0,0.4631
1261,296.0,0.1443
1270,,
1280,,
1281,,
1282,,
1290,,
1300,,
1301,,
1310,,
1320,,
1330,0.0,35.0
1330,10.0,5.2
1330,20.0,2.7
1330,40.0,1.3
1330,60.0,0.87
1330,100.0,0.41
1330,189.0,0.449
1330,249.0,0.043
1330,280.0,0.0165
1330,311.0,0.015
1330,324.0,0.0317
1330,329.0,0.0128
1330,354.0,0.0063
1330,364.0,0.0099
1330,368.0,0.0149
1330,380.0,0.013
1330,418.0,0.0039
1330,436.0,0.0055
1330,439.0,0.0045
1331,0.0,40.0
1331,10.0,2.1
1331,34.0,1.77
1331,73.0,0.41
1331,85.0,0.21
1331,192.0,0.0156
1331,209.0,0.0216
1331,220.0,0.0312
1331,237.0,0.0266
1331,255.0,0.0141
1331,276.0,0.0062
1331,278.0,0.0122
1331,280.0,0.0196
1331,297.0,0.0074
1331,298.0,0.0043
1331,302.0,0.0063
1340,,
1341,,
1342,,
1350,,
1351,,
1352,,
1360,,
1361,,
1362,,
1370,,
1371,,
1372,,
1380,,
1381,,
1382,,
1383,,
1390,,
1391,,
1392,,
1400,,
1410,,
1420,,
1430,,
1440,,
1450,,
1460,,
1461,,
1462,,
1463,,
1464,,
1465,,
1466,,
1467,,
1480,,
1481,,
1482,,
1490,,
2000,,
2001,,
2002,,
2010,,
2011,,
2012,,
2020,5.0,2.29
2020,7.0,4.8
2020,9.0,2.39
2020,13.0,1.54
2020,22.0,0.96
2020,30.0,0.59
2020,37.0,0.34
2020,39.0,0.2
2020,43.0,0.16
2020,50.0,0.18
2020,57.0,0.07
2020,62.0,0.17
2020,67.0,0.15
2020,72.0,0.18
2020,74.0,0.15
2021,4.0,3.3
2021,6.0,4.37
2021,12.0,3.77
2021,17.0,2.55
2021,19.0,1.33
2021,21.0,0.87
2021,24.0,0.79
2021,28.0,0.57
2021,30.0,0.58
2021,32.0,0.88
2021,33.0,1.18
2022,6.0,1.33
2022,7.0,0.58
2022,7.0,0.3
2022,8.0,0.27
2022,8.0,0.25
2022,8.0,0.35
2022,8.0,0.35
2022,9.0,0.35
2022,9.0,0.31
2030,2.0,9.0
2030,5.0,10.15
2030,8.0,16.7
2030,7.0,13.77
2030,9.0,11.0
2030,13.0,8.395
2030,14.0,8.035
2030,49.0,0.6394
2030,67.0,0.3125
2030,80.0,1.089
2030,96.0,0.02059
2030,112.0,0.3715
2031,2.0,18.14
2031,4.0,16.7
2031,8.0,16.42
2031,9.0,16.13
2031,53.0,1.685
2031,74.0,1.064
2031,89.0,0.7733
2031,103.0,0.301
2031,120.0,1.09
2032,4.0,17.86
2032,6.0,16.85
2032,45.0,2.578
2032,63.0,1.93
2032,77.0,1.263
2032,90.0,0.7013
2032,102.0,1.322
2040,3.0,36.29
2040,4.0,47.38
2040,6.0,21.46
2040,8.0,56.45
2040,10.0,21.6
2040,12.0,58.32
2040,14.0,14.13
2040,17.0,38.35
2040,21.0,42.72
2040,24.0,33.27
2040,26.0,10.71
2040,27.0,22.9
2040,31.0,51.26
2040,33.0,48.24
2040,60.0,2.405
2040,66.0,4.694
2040,72.0,1.987
2040,78.0,2.506
2040,91.0,1.051
2040,97.0,2.448
2040,112.0,0.5933
2040,118.0,1.009
2040,131.0,0.3701
2040,135.0,0.4075
2040,141.0,0.2506
2040,144.0,0.3542
2040,155.0,0.1369
2040,158.0,0.1469
2040,165.0,0.08482
2040,166.0,0.09259
2040,184.0,0.1807
2041,1.0,25.02
2041,4.0,17.71
2041,7.0,17.86
2041,11.0,18.29
2041,14.0,17.42
2041,16.0,16.7
2041,31.0,2.938
2041,36.0,7.531
2041,45.0,2.405
2041,50.0,4.622
2041,53.0,4.162
2041,57.0,1.293
2041,63.0,3.254
2041,67.0,5.256
2041,80.0,0.9648
2041,86.0,1.973
2041,89.0,2.794
2041,106.0,0.7646
2041,112.0,0.6149
2041,126.0,0.6754
2041,133.0,0.4277
2041,139.0,0.3197
2041,143.0,0.9835
2041,152.0,1.037
2041,157.0,0.3154
2041,163.0,0.4378
2041,169.0,0.2088
2041,177.0,1.469
2041,192.0,0.3514
2050,1.0,140.3
2050,2.0,81.5
2050,3.0,5.99
2050,4.0,7.805
2050,20.0,12.84
2050,22.0,10.44
2050,23.0,15.55
2050,24.0,14.54
2050,25.0,13.23
2050,26.0,12.67
2050,78.0,0.9216
2050,82.0,1.115
2050,124.0,0.4306
2050,128.0,0.5774
2050,145.0,0.419
2050,152.0,0.491
2051,4.0,15.7
2051,10.0,2.405
2051,16.0,22.32
2051,21.0,25.92
2051,22.0,27.07
2051,23.0,23.04
2051,25.0,25.63
2051,80.0,3.211
2051,88.0,3.658
2051,123.0,2.088
2051,132.0,2.131
2051,139.0,1.512
2051,158.0,2.75
2060,2.0,61.06
2060,6.0,10.22
2060,11.0,9.446
2060,16.0,9.878
2060,65.0,2.16
2060,107.0,0.6293
2060,126.0,0.4997
2060,147.0,0.239
2060,164.0,0.1858
2060,176.0,0.1541
2060,190.0,0.09605
2060,203.0,0.0936
2060,211.0,0.1156
2061,0.0,47.95
2061,2.0,12.48
2061,6.0,15.95
2061,9.0,13.18
2061,61.0,3.254
2061,105.0,0.9922
2061,127.0,0.6538
2061,152.0,0.4334
2061,171.0,0.3528
2061,182.0,0.2938
2061,201.0,0.4342
2061,214.0,0.2059
2061,225.0,0.2016
2070,2.0,88.7
2070,7.0,96.77
2070,8.0,58.46
2070,9.0,75.02
2070,12.0,52.7
2070,13.0,68.98
2070,15.0,36.0
2070,16.0,64.66
2070,19.0,30.46
2070,20.0,19.58
2070,23.0,20.59
2070,24.0,39.02
2070,26.0,20.74
2070,27.0,17.28
2070,31.0,19.22
2070,33.0,16.85
2070,36.0,12.99
2070,38.0,14.98
2070,42.0,11.64
2070,69.0,1.786
2070,73.0,1.39
2070,80.0,1.541
2070,82.0,1.224
2070,105.0,0.9418
2070,106.0,0.8294
2070,126.0,0.3103
2070,127.0,0.3413
2070,141.0,0.1613
2070,144.0,0.1728
2070,156.0,1.112
2070,161.0,0.124
2070,168.0,0.06811
2070,174.0,0.0792
2070,179.0,0.00625
2070,186.0,0.01031
2071,0.0,19.01
2071,2.0,10.34
2071,7.0,10.94
2071,10.0,10.67
2071,13.0,11.72
2071,19.0,12.1
2071,25.0,11.26
2071,61.0,3.355
2071,73.0,3.427
2071,101.0,2.678
2071,127.0,1.189
2071,149.0,0.805
2071,171.0,0.5184
2071,186.0,0.337
2071,200.0,0.1973
2080,2.0,32.69
2080,3.0,30.24
2080,4.0,35.86
2080,6.0,26.5
2080,7.0,28.66
2080,9.0,29.38
2080,11.0,29.09
2080,12.0,15.7
2080,13.0,31.94
2080,15.0,15.55
2080,16.0,38.74
2080,17.0,10.47
2080,18.0,26.93
2080,19.0,24.48
2080,20.0,26.21
2080,22.0,25.92
2080,23.0,17.71
2080,31.0,2.88
2080,37.0,2.333
2080,41.0,2.03
2080,46.0,1.987
2080,56.0,0.6782
2080,59.0,0.5846
2080,61.0,0.625
2080,67.0,0.6523
2080,71.0,0.8899
2080,79.0,0.3182
2080,82.0,0.05011
2080,98.0,0.7301
2080,100.0,1.555
2081,0.0,20.3
2081,1.0,18.58
2081,3.0,15.26
2081,4.0,11.12
2081,5.0,9.245
2081,6.0,9.41
2081,7.0,8.798
2081,8.0,7.838
2081,9.0,8.41
2081,11.0,7.085
2081,13.0,7.272
2081,23.0,2.506
2081,27.0,2.808
2081,35.0,2.088
2081,37.0,2.448
2081,47.0,1.322
2081,48.0,1.145
2081,51.0,0.9475
2081,56.0,0.9389
2081,66.0,1.104
2081,71.0,0.8035
2090,2.0,56.59
2090,4.0,79.06
2090,5.0,81.07
2090,6.0,76.32
2090,7.0,76.07
2090,9.0,83.66
2090,10.0,107.6
2090,13.0,104.4
2090,14.0,38.3
2090,15.0,78.05
2090,18.0,42.77
2090,21.0,43.06
2090,23.0,39.89
2090,25.0,52.27
2090,30.0,40.25
2090,34.0,16.42
2090,38.0,18.14
2090,39.0,9.806
2090,42.0,11.48
2090,46.0,6.705
2090,52.0,4.81
2090,53.0,4.09
2090,59.0,3.47
2090,63.0,3.01
2090,69.0,2.578
2090,73.0,2.362
2090,78.0,1.958
2090,80.0,1.771
2090,86.0,1.279
2090,94.0,0.7445
2090,99.0,0.5429
2090,101.0,0.4637
2090,106.0,0.3442
2090,112.0,0.6206
2090,116.0,0.4219
2091,0.0,47.81
2091,2.0,25.34
2091,4.0,26.21
2091,8.0,25.06
2091,9.0,23.9
2091,18.0,15.12
2091,25.0,10.63
2091,33.0,6.869
2091,42.0,4.853
2091,52.0,3.37
2091,62.0,3.168
2091,69.0,2.491
2091,85.0,1.189
2091,94.0,0.7891
2091,102.0,1.107
2092,0.0,18.72
2092,3.0,18.43
2092,5.0,16.7
2092,14.0,15.55
2092,21.0,11.15
2092,31.0,7.042
2092,38.0,5.184
2092,48.0,3.6
2092,57.0,3.686
2092,64.0,2.808
2092,79.0,1.483
2092,88.0,1.112
2092,99.0,1.57
2100,42.0,57.6
2100,52.0,37.0
2100,67.0,10.2
2100,68.0,0.68
2100,79.0,0.36
2100,81.0,0.1
2100,127.0,0.09
2101,33.0,119.0
2101,48.0,79.2
2101,65.0,5.8
2101,66.0,1.3
2101,69.0,0.63
2101,71.0,0.63
2101,94.0,0.63
2102,23.0,182.0
2102,39.0,92.0
2102,60.0,47.5
2102,61.0,2.4
2102,68.0,1.07
2102,69.0,0.28
2102,95.0,0.05
2103,16.0,210.0
2103,34.0,191.0
2103,59.0,99.9
2103,60.0,9.36
2103,66.0,1.22
2103,67.0,0.39
2103,113.0,0.09
2104,10.0,250.0
2104,26.0,230.0
2104,52.0,193.0
2104,54.0,4.5
2104,66.0,1.93
2104,75.0,0.65
2104,110.0,0.16
2105,0.0,265.0
2105,11.0,259.0
2105,26.0,57.6
2105,45.0,5.8
2105,54.0,2.8
2105,61.0,1.57
2105,98.0,0.18
2110,,
2111,,
2120,,
2121,,
2122,,
2123,,
2124,,
2125,,
2126,,
2130,,
2131,,
2132,,
2140,0.0,707.0
2140,1.0,52.8
2140,4.0,6.49
2140,10.0,5.27
2140,0.0,374.0
2140,1.0,2.64
2140,4.0,1.68
2140,10.0,1.56
2141,,
2150,0.0,518.0
2150,1.0,148.0
2150,4.0,88.1
2150,10.0,72.0
2151,0.0,518.0
2151,1.0,148.0
2151,4.0,88.1
2151,10.0,72.0
2160,8.0,6.48
2160,12.0,3.542
2160,30.0,0.864
2160,50.0,0.276
2160,100.0,0.062
2161,10.0,9.504
2161,30.0,0.864
2161,50.0,0.691
2161,100.0,0.121
2170,36.0,0.53
2170,47.0,0.4
2170,58.0,0.17
2170,84.0,0.064
2170,110.0,0.017
2171,20.0,0.28
2171,32.0,0.11
2171,48.0,0.086
2171,55.0,0.041
2180,51.0,0.95
2180,58.0,0.5
2180,67.0,0.33
2180,77.0,0.18
2180,85.0,0.14
2180,96.0,0.11
2181,51.0,0.77
2181,55.0,0.61
2181,63.0,0.33
2181,77.0,0.16
2181,85.0,0.086
2181,104.0,0.048
2190,,
2191,,
2192,,
2193,,
2194,,
2195,,
2196,,
2197,,
2198,,
2200,,
2201,,
2202,,
2203,,
2210,,
2211,,
2212,,
2213,,
2214,,
2215,,
2216,,
2217,,
2220,,
2221,,
2230,,
2231,,
2232,,
2240,,
2241,,
2242,,
2243,,
2250,,
2251,,
2252,,
2253,,
2260,,
2261,,
2262,,
2270,,
2271,,
2272,,
2273,,
2280,,
2281,,
2282,,
2283,,
2290,,
2291,,
2292,,
2293,,
2300,,
2301,,
2302,,
2303,,
2304,,
2305,,
2306,,
2307,,
2310,,
2320,,
2321,,
2330,,
2331,,
2332,,
2333,,
2334,,
2340,,
2341,,
2342,,
2350,,
2351,,
2360,,
2361,,
2362,,
2370,,
2371,,
2372,,
2373,,
2374,,
2380,,
2381,,
2382,,
2383,,
2384,,
2385,,
2390,,
2391,,
2392,,
2393,,
2394,,
2395,,
2400,,
2401,,
2402,,
2403,,
2404,,
2405,,
2410,,
2411,,
2412,,
2413,,
2414,,
2415,,
2420,,
2421,,
2422,,
2423,,
2424,,
2425,,
2430,,
2431,,
2432,,
2433,,
2434,,
2435,,
2440,,
2441,,
2442,,
2443,,
2444,,
2445,,
2450,,
2451,,
2452,,
2453,,
2454,,
2455,,
2460,,
2461,,
2462,,
2463,,
2464,,
2470,,
2471,,
2472,,
2480,,
2481,,
2482,,
2483,,
2491,,
2492,,
2493,,
2530,,
2531,,
2532,,
2540,,
2541,,
2542,,
2550,,
2551,,
2552,,
2560,,
2561,,
2562,,
2570,,
2571,,
2572,,
2573,,
2574,,
2580,,
2581,,
2582,,
2583,,
2584,,
2590,,
2591,,
2592,,
2593,,
2600,,
2601,,
2602,,
2603,,
2604,,
2605,,
2610,,
2611,,
2612,,
2613,,
2614,,
2620,,
2621,,
2622,,
2630,,
2631,,
2640,,
2641,,
2642,,
2650,,
2651,,
2652,,
2653,,
2660,,
2661,,
2670,,
2671,,
2672,,
2680,,
2681,,
2682,,
2683,,
2690,,
2691,,
2700,,
2701,,
2710,,
2711,,
2712,,
2713,,
2720,,
2721,,
2722,,
2723,,
2730,,
2731,,
2732,,
2740,,
2741,,
2742,,
2743,,
2750,,
2751,,
2752,,
2753,,
2760,,
2761,,
2762,,
2763,,
2764,,
2765,,
3000,,
3010,,
3020,,
3030,,
3031,,
3032,,
3033,,
3050,,
3060,,
3070,,
3080,,
3090,19.0,0.367
3090,48.0,0.1221
3090,53.0,0.166
3090,87.0,0.0457
3090,97.0,0.0262
3090,164.0,0.0218
3090,198.0,0.02221
3090,216.0,0.0125
3090,302.0,0.00724
3090,404.0,0.0022
3090,441.0,0.00199
3090,590.0,0.00111
3091,30.0,0.537
3091,52.0,0.1762
3091,96.0,0.1114
3091,121.0,0.0524
3091,192.0,0.0209
3091,206.0,0.0148
3091,301.0,0.00631
3091,356.0,0.00302
3093,46.0,0.1503
3093,92.0,0.0354
3093,98.0,0.0465
3093,138.0,0.0214
3093,164.0,0.0132
3093,202.0,0.00933
3093,217.0,0.00676
3093,266.0,0.00239
3093,326.0,0.00158
3093,398.0,0.00095
3100,18.0,0.426
3100,51.0,0.181
3100,76.0,0.0758
3100,130.0,0.0231
3100,148.0,0.0158
3100,196.0,0.0155
3100,289.0,0.0085
3100,364.0,0.0085
3100,404.0,0.0074
3100,536.0,0.0053
3100,592.0,0.0047
3101,32.0,0.447
3101,49.0,0.0846
3101,68.0,0.081
3101,95.0,0.076
3101,142.0,0.0381
3101,173.0,0.0245
3101,200.0,0.0223
3101,268.0,0.0131
3101,302.0,0.0054
3101,404.0,0.0047
3101,595.0,0.00121
3102,22.0,0.262
3102,47.0,0.081
3102,103.0,0.069
3102,124.0,0.0446
3102,202.0,0.0338
3102,241.0,0.0269
3102,321.0,0.0131
3102,400.0,0.0055
3102,584.0,0.0016
3103,22.0,0.219
3103,78.0,0.095
3103,52.0,0.083
3103,54.0,0.093
3103,74.0,0.074
3103,104.0,0.069
3103,120.0,0.068
3103,122.0,0.056
3103,181.0,0.046
3103,204.0,0.0446
3110,16.0,0.1315
3110,38.0,0.107
3110,52.0,0.095
3110,66.0,0.0724
3110,109.0,0.0631
3110,101.0,0.0536
3110,155.0,0.0354
3110,166.0,0.0216
3110,198.0,0.0233
3110,272.0,0.014
3110,394.0,0.0036
3111,34.0,0.151
3111,42.0,0.0831
3111,52.0,0.0777
3111,74.0,0.0794
3111,102.0,0.069
3111,118.0,0.0588
3111,176.0,0.0417
3111,301.0,0.0177
3111,398.0,0.00692
3112,41.0,0.162
3112,51.0,0.14
3112,72.0,0.11
3112,93.0,0.0793
3112,103.0,0.0691
3112,123.0,0.0411
3112,154.0,0.044
3112,185.0,0.0362
3112,227.0,0.019
3112,257.0,0.015
3112,288.0,0.011
3112,340.0,0.0086
3112,361.0,0.0086
3112,391.0,0.0071
3112,473.0,0.0043
3112,721.0,0.0039
3112,782.0,0.0041
3112,803.0,0.0031
3113,72.0,0.11
3113,124.0,0.032
3113,278.0,0.016
3113,288.0,0.015
3113,329.0,0.011
3113,370.0,0.0078
3113,453.0,0.0068
3113,473.0,0.0061
3113,515.0,0.0041
3113,536.0,0.0038
3113,597.0,0.0016
3120,,
3130,21.0,15.6
3130,33.0,22.08
3130,37.0,14.16
3130,40.0,9.84
3130,43.0,9.12
3130,47.0,8.16
3130,51.0,4.32
3130,53.0,3.36
3130,54.0,2.88
3130,55.0,2.28
3130,55.0,1.92
3130,57.0,2.88
3130,58.0,3.12
3130,62.0,0.912
3130,66.0,0.552
3130,73.0,0.264
3130,77.0,0.0888
3130,81.0,0.0792
3130,85.0,0.0696
3130,90.0,0.0384
3130,94.0,0.0504
3130,97.0,0.036
3130,100.0,0.0408
3131,0.0,0.0
3131,19.0,60.0
3131,33.0,86.38
3131,38.0,60.0
3131,41.0,43.17
3131,44.0,36.0
3131,47.0,28.8
3131,50.0,16.36
3131,52.0,12.48
3131,53.0,10.32
3131,53.0,8.4
3131,54.0,7.44
3131,55.0,10.56
3131,56.0,11.52
3131,58.0,3.84
3131,62.0,2.136
3131,68.0,1.08
3131,72.0,0.432
3131,75.0,0.384
3131,79.0,0.288
3131,83.0,0.168
3131,86.0,0.192
3131,89.0,0.1392
3131,91.0,0.1728
3132,56.0,3.36
3132,62.0,2.016
3132,65.0,0.864
3132,68.0,0.72
3132,70.0,0.576
3132,72.0,0.36
3132,75.0,0.312
3132,77.0,0.1896
3132,79.0,0.24
3133,10.0,456.0
3133,17.0,720.0
3133,22.0,504.0
3133,25.0,187.2
3133,29.0,384.0
3133,36.0,110.4
3133,38.0,81.6
3133,39.0,62.4
3133,40.0,55.2
3133,41.0,50.4
3133,42.0,62.4
3133,45.0,13.92
3133,49.0,6.24
3133,51.0,2.64
3133,53.0,2.04
3133,55.0,1.512
3133,57.0,1.08
3133,59.0,1.152
3133,60.0,0.576
3133,61.0,0.504
3134,3.0,288.0
3134,7.0,600.0
3134,11.0,456.0
3134,15.0,240.0
3134,19.0,768.0
3134,27.0,163.2
3134,31.0,112.8
3134,34.0,67.2
3134,35.0,48.0
3134,38.0,38.4
3134,39.0,5.52
3134,41.0,6.72
3134,45.0,3.36
3134,47.0,1.32
3134,49.0,0.96
3134,51.0,0.72
3134,54.0,0.816
3134,56.0,0.288
3134,56.0,0.24
3140,23.0,52.8
3140,30.0,16.56
3140,36.0,43.2
3140,38.0,33.6
3140,39.0,20.64
3140,41.0,14.16
3140,42.0,12.0
3140,44.0,10.8
3140,47.0,9.12
3140,49.0,7.92
3140,51.0,6.48
3140,52.0,10.56
3140,54.0,13.68
3140,55.0,8.64
3140,56.0,3.6
3140,57.0,1.824
3140,58.0,7.68
3140,60.0,2.304
3140,63.0,1.872
3140,66.0,1.32
3140,69.0,0.792
3140,72.0,0.504
3140,75.0,0.211
3140,77.0,0.091
3140,80.0,0.067
3140,84.0,0.125
3140,85.0,0.043
3140,87.0,0.312
3140,88.0,0.178
3140,89.0,0.132
3140,90.0,0.084
3140,91.0,0.166
3140,92.0,0.156
3141,20.0,139.2
3141,29.0,50.4
3141,34.0,117.6
3141,36.0,96.0
3141,37.0,60.0
3141,39.0,43.2
3141,40.0,38.4
3141,41.0,33.6
3141,43.0,33.6
3141,45.0,26.4
3141,46.0,26.4
3141,47.0,33.6
3141,49.0,38.4
3141,50.0,24.0
3141,51.0,11.76
3141,52.0,6.48
3141,53.0,20.4
3141,54.0,7.44
3141,57.0,5.76
3141,61.0,3.84
3141,64.0,2.328
3141,67.0,1.512
3141,70.0,0.552
3141,73.0,0.288
3141,75.0,0.226
3141,78.0,0.36
3141,80.0,0.156
3141,81.0,0.816
3141,82.0,0.576
3141,83.0,0.36
3141,84.0,0.264
3141,85.0,0.48
3141,86.0,0.432
3142,18.0,156.0
3142,24.0,110.4
3142,28.0,220.8
3142,31.0,196.8
3142,32.0,120.0
3142,34.0,84.0
3142,36.0,67.2
3142,38.0,48.0
3142,39.0,38.4
3142,41.0,26.4
3142,42.0,23.28
3142,43.0,22.8
3142,45.0,22.8
3142,46.0,14.64
3142,47.0,8.4
3142,47.0,5.04
3142,48.0,9.6
3142,49.0,3.84
3142,52.0,3.12
3142,55.0,2.4
3142,58.0,1.632
3142,60.0,1.272
3142,63.0,0.432
3142,65.0,0.336
3142,67.0,0.264
3142,70.0,0.238
3142,71.0,0.144
3142,72.0,0.504
3142,73.0,0.456
3142,74.0,0.264
3142,75.0,0.288
3142,76.0,0.408
3142,77.0,0.384
3143,20.0,168.0
3143,25.0,110.4
3143,28.0,196.8
3143,30.0,208.8
3143,31.0,141.6
3143,32.0,141.6
3143,33.0,120.0
3143,34.0,96.0
3143,36.0,88.8
3143,38.0,74.4
3143,39.0,52.8
3143,40.0,64.8
3143,41.0,45.6
3143,42.0,28.8
3143,43.0,18.72
3143,44.0,13.44
3143,45.0,15.12
3143,47.0,6.96
3143,49.0,4.8
3143,51.0,3.84
3143,54.0,2.208
3143,56.0,1.8
3143,58.0,0.552
3143,60.0,0.384
3143,62.0,0.36
3143,64.0,0.384
3143,65.0,0.264
3143,66.0,0.576
3143,66.0,0.504
3143,67.0,0.336
3143,67.0,0.36
3143,68.0,0.408
3143,69.0,0.312
3144,24.0,194.4
3144,26.0,124.8
3144,28.0,218.4
3144,29.0,223.2
3144,30.0,165.6
3144,31.0,160.8
3144,32.0,134.4
3144,33.0,117.6
3144,34.0,105.6
3144,36.0,88.8
3144,36.0,62.4
3144,37.0,72.0
3144,39.0,50.4
3144,40.0,31.2
3144,41.0,28.8
3144,41.0,22.08
3144,42.0,18.72
3144,45.0,9.84
3144,48.0,6.0
3144,50.0,4.56
3144,52.0,2.4
3144,54.0,2.136
3144,56.0,0.816
3144,57.0,0.552
3144,58.0,0.48
3144,59.0,0.504
3144,60.0,0.336
3144,61.0,0.528
3144,62.0,0.408
3144,63.0,0.238
3144,64.0,0.24
3144,65.0,0.288
3144,67.0,0.238
3150,25.0,1.512
3150,34.0,3.12
3150,40.0,3.36
3150,46.0,28.8
3150,50.0,11.52
3150,53.0,10.32
3150,56.0,10.56
3150,59.0,11.28
3150,61.0,8.88
3150,62.0,4.08
3150,64.0,9.12
3150,65.0,4.8
3150,66.0,2.208
3150,67.0,6.24
3150,68.0,5.76
3150,69.0,1.584
3150,71.0,2.088
3150,73.0,0.648
3150,77.0,0.696
3150,83.0,0.528
3150,89.0,0.36
3150,94.0,0.168
3150,100.0,0.086
3150,105.0,0.018
3151,27.0,10.32
3151,34.0,14.64
3151,40.0,14.88
3151,44.0,84.0
3151,47.0,36.0
3151,50.0,31.2
3151,53.0,31.2
3151,55.0,31.2
3151,56.0,24.0
3151,57.0,13.2
3151,58.0,28.8
3151,59.0,14.16
3151,61.0,8.16
3151,62.0,18.0
3151,63.0,16.08
3151,64.0,6.72
3151,66.0,4.32
3151,68.0,2.112
3151,72.0,2.136
3151,78.0,1.56
3151,84.0,1.128
3151,89.0,0.528
3151,94.0,0.264
3151,99.0,0.084
3151,106.0,0.528
3151,111.0,0.48
3151,115.0,0.456
3151,120.0,0.408
3151,125.0,0.384
3151,130.0,0.36
3151,136.0,0.336
3151,142.0,0.312
3151,149.0,0.288
3151,156.0,0.264
3151,164.0,0.24
3151,173.0,0.223
3151,182.0,0.204
3151,192.0,0.187
3151,204.0,0.17
3151,216.0,0.154
3151,230.0,0.139
3151,245.0,0.127
3151,262.0,0.113
3151,281.0,0.101
3151,303.0,0.091
3151,327.0,0.079
3151,355.0,0.07
3151,388.0,0.062
3151,425.0,0.053
3151,469.0,0.046
3152,26.0,57.6
3152,32.0,64.8
3152,36.0,52.8
3152,39.0,165.6
3152,41.0,84.0
3152,44.0,57.6
3152,46.0,43.2
3152,47.0,38.4
3152,48.0,28.8
3152,49.0,17.52
3152,49.0,33.6
3152,50.0,15.36
3152,51.0,11.52
3152,52.0,20.88
3152,54.0,20.4
3152,56.0,14.4
3152,57.0,4.8
3152,60.0,3.12
3152,63.0,2.88
3152,69.0,2.88
3152,74.0,2.28
3152,78.0,1.128
3152,83.0,0.672
3152,87.0,0.214
3153,28.0,48.0
3153,27.0,84.0
3153,27.0,110.4
3153,29.0,240.0
3153,30.0,153.6
3153,31.0,144.0
3153,33.0,112.8
3153,34.0,100.8
3153,35.0,86.4
3153,36.0,52.8
3153,37.0,112.8
3153,38.0,52.8
3153,38.0,38.4
3153,39.0,45.6
3153,40.0,55.2
3153,41.0,62.4
3153,43.0,52.8
3153,45.0,36.0
3153,47.0,21.36
3153,51.0,19.44
3153,55.0,14.16
3153,60.0,4.08
3154,28.0,59.23
3154,29.0,98.4
3154,30.0,60.0
3154,32.0,52.8
3154,34.0,33.6
3154,35.0,26.4
3154,36.0,21.84
3154,37.0,18.67
3154,38.0,10.7
3154,39.0,10.32
3154,40.0,8.762
3154,42.0,4.8
3154,43.0,2.304
3154,46.0,1.632
3154,50.0,1.488
3154,55.0,0.912
3154,58.0,0.408
3154,62.0,0.24
3154,67.0,0.134
3155,24.0,108.0
3155,28.0,103.2
3155,31.0,91.2
3155,32.0,168.0
3155,34.0,120.0
3155,35.0,129.6
3155,37.0,96.0
3155,38.0,81.6
3155,39.0,74.4
3155,40.0,43.2
3155,41.0,67.2
3155,42.0,31.2
3155,43.0,21.84
3155,44.0,20.64
3155,45.0,19.2
3155,46.0,15.6
3155,47.0,10.8
3155,49.0,4.56
3155,51.0,3.36
3155,53.0,3.12
3155,57.0,2.04
3160,17.0,240.0
3160,29.0,84.0
3160,40.0,62.4
3160,48.0,28.8
3160,52.0,13.44
3160,55.0,7.44
3160,57.0,3.36
3160,59.0,2.4
3160,61.0,3.12
3160,62.0,3.6
3160,63.0,4.56
3160,65.0,1.2
3160,68.0,1.2
3160,71.0,0.312
3160,75.0,0.336
3160,80.0,0.209
3160,84.0,0.113
3160,90.0,0.06
3160,98.0,0.053
3160,102.0,0.038
3160,106.0,0.026
3160,109.0,0.026
3160,112.0,0.002
3160,116.0,0.02
3160,119.0,0.004
3160,123.0,0.017
3160,129.0,0.008
3160,137.0,0.011
3160,145.0,0.013
3161,0.0,38.4
3161,12.0,672.0
3161,24.0,230.4
3161,36.0,168.0
3161,45.0,81.6
3161,51.0,38.4
3161,55.0,20.4
3161,58.0,10.56
3161,60.0,8.16
3161,61.0,10.8
3161,62.0,11.76
3161,62.0,14.16
3161,65.0,3.6
3161,68.0,3.6
3161,71.0,1.032
3161,76.0,0.984
3161,80.0,0.672
3161,84.0,0.408
3161,90.0,0.202
3161,96.0,0.178
3161,101.0,0.122
3161,104.0,0.079
3161,108.0,0.07
3161,112.0,0.019
3161,116.0,0.067
3161,118.0,0.01
3161,122.0,0.046
3161,127.0,0.022
3161,134.0,0.029
3161,141.0,0.038
3162,8.0,288.0
3162,19.0,180.0
3162,30.0,146.4
3162,38.0,105.6
3162,47.0,60.0
3162,52.0,31.2
3162,55.0,26.4
3162,57.0,20.88
3162,59.0,21.6
3162,60.0,23.04
3162,61.0,26.4
3162,63.0,7.44
3162,65.0,7.44
3163,2.0,1.488
3163,3.0,13.92
3163,6.0,384.0
3163,10.0,384.0
3163,17.0,456.0
3163,28.0,384.0
3163,39.0,223.2
3163,49.0,134.4
3163,51.0,84.0
3163,52.0,120.0
3163,53.0,84.0
3163,54.0,96.0
3163,58.0,20.4
3163,63.0,15.6
3163,68.0,4.56
3163,71.0,3.6
3163,73.0,2.64
3163,76.0,1.848
3163,80.0,0.912
3163,84.0,0.696
3163,87.0,0.504
3163,90.0,0.336
3163,93.0,0.312
3163,95.0,0.11
3163,97.0,0.456
3163,99.0,0.065
3163,103.0,0.125
3163,107.0,0.058
3163,111.0,0.048
3163,115.0,0.058
3164,5.0,288.0
3164,8.0,172.8
3164,13.0,158.4
3164,21.0,175.2
3164,28.0,151.2
3164,37.0,153.6
3164,39.0,88.8
3164,40.0,160.8
3164,41.0,76.8
3164,43.0,108.0
3164,47.0,31.2
3164,52.0,40.8
3164,57.0,19.44
3164,60.0,12.0
3164,64.0,7.44
3164,67.0,5.04
3164,71.0,2.64
3164,75.0,1.656
3164,79.0,1.104
3164,81.0,0.696
3164,82.0,0.744
3164,84.0,0.408
3164,84.0,1.272
3164,85.0,0.221
3164,89.0,0.312
3164,93.0,0.156
3164,98.0,0.11
3164,102.0,0.113
3165,10.0,240.0
3165,15.0,182.4
3165,18.0,182.4
3165,22.0,180.0
3165,25.0,129.6
3165,31.0,112.8
3165,33.0,69.6
3165,34.0,151.2
3165,35.0,76.8
3165,36.0,117.6
3165,38.0,31.2
3165,40.0,43.2
3165,47.0,10.08
3165,51.0,6.96
3165,57.0,6.0
3165,64.0,1.752
3165,71.0,1.128
3165,74.0,0.744
3165,76.0,0.432
3165,78.0,0.384
3165,79.0,0.264
3165,72.0,0.17
3165,76.0,0.202
3165,81.0,0.12
3165,87.0,0.077
3165,92.0,0.072
3170,4.0,2.28
3170,12.0,3.36
3170,19.0,4.08
3170,32.0,5.04
3170,49.0,3.6
3170,60.0,3.36
3170,70.0,2.88
3170,77.0,2.4
3170,80.0,2.88
3170,82.0,0.312
3170,83.0,0.552
3170,89.0,1.296
3170,94.0,0.696
3170,96.0,0.264
3170,100.0,0.204
3170,105.0,0.18
3170,110.0,0.168
3170,114.0,0.144
3170,118.0,0.043
3170,121.0,0.043
3170,123.0,0.096
3170,126.0,0.001
3170,128.0,0.004
3170,128.0,0.001
3170,131.0,0.007
3170,135.0,0.004
3170,139.0,0.024
3171,4.0,11.28
3171,16.0,16.8
3171,22.0,17.04
3171,27.0,22.56
3171,32.0,26.4
3171,40.0,38.4
3171,52.0,33.6
3171,59.0,33.6
3171,64.0,22.08
3171,68.0,15.36
3171,70.0,10.8
3171,72.0,11.52
3171,74.0,2.4
3171,78.0,4.8
3171,83.0,3.12
3171,86.0,1.344
3171,90.0,1.248
3171,93.0,1.104
3171,95.0,0.888
3171,99.0,0.6
3171,101.0,0.156
3171,104.0,0.166
3171,106.0,0.48
3171,108.0,0.151
3171,109.0,0.312
3171,110.0,0.214
3172,10.0,31.2
3172,17.0,40.0
3172,21.0,38.4
3172,25.0,45.6
3172,29.0,57.6
3172,36.0,72.0
3172,47.0,55.2
3172,53.0,45.6
3172,57.0,31.2
3172,60.0,33.6
3172,64.0,19.44
3172,67.0,24.0
3172,69.0,6.72
3172,73.0,7.44
3172,78.0,4.56
3172,79.0,1.872
3172,82.0,1.728
3172,84.0,1.368
3172,86.0,1.008
3172,89.0,0.816
3172,91.0,0.312
3172,92.0,0.288
3172,94.0,0.672
3172,95.0,0.24
3172,96.0,0.36
3172,97.0,0.115
3172,99.0,0.163
3172,100.0,0.098
3172,104.0,0.108
3173,10.0,20.64
3173,14.0,33.6
3173,16.0,36.0
3173,19.0,43.2
3173,21.0,57.6
3173,26.0,93.6
3173,34.0,93.6
3173,38.0,93.6
3173,42.0,62.4
3173,43.0,57.6
3173,46.0,69.6
3173,49.0,132.0
3173,50.0,93.6
3173,54.0,117.6
3173,59.0,74.4
3173,60.0,28.8
3173,62.0,31.2
3173,64.0,19.68
3173,66.0,14.16
3173,68.0,7.68
3173,70.0,2.88
3173,71.0,2.88
3173,73.0,4.8
3173,74.0,1.44
3173,75.0,2.352
3173,76.0,0.96
3173,77.0,2.232
3173,79.0,1.128
3173,82.0,1.008
3174,17.0,31.2
3174,18.0,33.6
3174,19.0,38.4
3174,22.0,57.6
3174,25.0,50.4
3174,28.0,40.8
3174,34.0,23.04
3174,36.0,21.12
3174,37.0,24.0
3174,38.0,13.92
3174,40.0,10.32
3174,43.0,7.68
3174,44.0,3.12
3174,46.0,3.12
3174,48.0,1.224
3174,49.0,1.488
3174,51.0,0.984
3174,52.0,0.576
3174,53.0,0.456
3174,55.0,0.696
3174,56.0,0.24
3174,57.0,0.456
3174,59.0,0.187
3174,61.0,0.118
3174,63.0,0.096
3175,17.0,69.6
3175,17.0,79.2
3175,19.0,112.8
3175,21.0,86.4
3175,22.0,62.4
3175,28.0,52.8
3175,30.0,40.8
3175,31.0,36.0
3175,31.0,23.52
3175,33.0,13.44
3175,36.0,8.88
3175,38.0,3.6
3175,40.0,3.6
3175,42.0,1.344
3175,43.0,1.584
3175,45.0,0.96
3175,46.0,0.576
3175,46.0,0.432
3175,46.0,0.264
3175,47.0,0.504
3175,50.0,0.187
3175,52.0,0.108
3175,53.0,0.089
3180,1.0,2.88
3180,4.0,3.12
3180,17.0,3.84
3180,34.0,5.28
3180,42.0,6.48
3180,47.0,11.04
3180,51.0,5.28
3180,58.0,1.776
3180,68.0,0.84
3180,77.0,0.648
3180,82.0,0.696
3180,85.0,0.624
3180,88.0,0.384
3180,90.0,0.13
3180,92.0,0.13
3180,94.0,0.528
3180,97.0,0.312
3180,103.0,0.504
3180,114.0,0.091
3181,23.0,3.84
3181,27.0,5.28
3181,33.0,5.52
3181,40.0,9.12
3181,43.0,9.36
3181,45.0,14.16
3181,49.0,6.24
3181,53.0,2.88
3181,58.0,1.752
3181,64.0,0.744
3181,66.0,0.552
3181,68.0,0.336
3181,70.0,0.168
3181,71.0,0.127
3181,71.0,0.233
3181,71.0,0.24
3181,77.0,0.166
3181,82.0,0.175
3182,36.0,13.92
3182,36.0,19.92
3182,37.0,13.92
3182,38.0,16.08
3182,40.0,14.4
3182,42.0,21.36
3182,44.0,8.4
3182,47.0,3.6
3182,51.0,1.512
3182,55.0,0.912
3182,57.0,0.624
3182,59.0,0.456
3182,61.0,0.312
3182,63.0,0.185
3182,65.0,0.134
3182,65.0,0.07
3182,65.0,0.082
3182,70.0,0.07
3182,77.0,0.06
3182,83.0,0.067
3183,45.0,12.0
3183,45.0,17.04
3183,46.0,12.96
3183,48.0,17.04
3183,50.0,18.48
3183,52.0,31.2
3183,54.0,12.24
3183,56.0,6.96
3183,58.0,3.36
3183,60.0,2.4
3183,60.0,1.776
3183,60.0,1.224
3183,60.0,0.912
3183,61.0,0.6
3183,61.0,0.36
3183,61.0,0.18
3183,62.0,0.185
3183,66.0,0.228
3190,1.0,33.6
3190,8.0,40.8
3190,13.0,69.6
3190,17.0,38.4
3190,21.0,17.28
3190,24.0,5.52
3190,28.0,7.44
3190,32.0,2.376
3190,38.0,8.16
3190,47.0,4.32
3190,56.0,1.824
3190,64.0,2.04
3190,77.0,0.576
3190,88.0,0.528
3190,96.0,0.264
3190,104.0,0.223
3190,115.0,0.146
3190,127.0,0.096
3190,137.0,0.077
3190,144.0,0.053
3190,154.0,0.058
3190,166.0,0.058
3190,175.0,0.01
3190,186.0,0.002
3190,199.0,0.014
3190,210.0,0.008
3190,225.0,0.006
3190,243.0,0.003
3190,260.0,0.003
3190,276.0,0.012
3191,0.0,108.0
3191,6.0,182.4
3191,6.0,120.0
3191,13.0,45.6
3191,17.0,15.12
3191,21.0,19.68
3191,25.0,7.2
3191,31.0,20.64
3191,40.0,11.04
3191,49.0,4.8
3191,58.0,5.28
3191,71.0,1.512
3191,84.0,1.464
3191,92.0,0.768
3191,101.0,0.648
3191,112.0,0.432
3191,126.0,0.288
3191,136.0,0.228
3191,144.0,0.137
3191,156.0,0.163
3191,169.0,0.161
3191,178.0,0.029
3191,189.0,0.009
3191,203.0,0.036
3191,215.0,0.022
3191,231.0,0.016
3191,250.0,0.009
3191,267.0,0.008
3191,284.0,0.029
3192,1.0,576.0
3192,5.0,288.0
3192,9.0,72.0
3192,11.0,10.8
3192,19.0,9.6
3192,28.0,6.48
3192,40.0,1.872
3192,51.0,2.208
3192,59.0,4.32
3192,73.0,4.08
3192,86.0,1.128
3192,95.0,1.056
3192,106.0,0.816
3192,121.0,0.552
3192,133.0,0.432
3192,141.0,0.264
3192,155.0,0.36
3192,171.0,0.336
3192,180.0,0.055
3192,193.0,0.021
3192,207.0,0.079
3192,221.0,0.077
3192,237.0,0.041
3192,257.0,0.026
3192,276.0,0.021
3192,294.0,0.062
3193,2.0,16.8
3193,9.0,13.44
3193,17.0,9.36
3193,30.0,50.4
3193,41.0,33.6
3193,51.0,1.296
3193,66.0,1.56
3193,78.0,1.92
3193,88.0,1.68
3193,99.0,1.272
3193,114.0,1.056
3193,127.0,1.056
3193,136.0,0.384
3193,151.0,0.624
3193,166.0,0.648
3193,177.0,0.096
3193,190.0,0.062
3193,205.0,0.199
3193,218.0,0.221
3193,235.0,0.101
3193,256.0,0.074
3193,275.0,0.053
3194,6.0,8.4
3194,17.0,4.08
3194,38.0,5.04
3194,48.0,3.84
3194,58.0,3.36
3194,70.0,2.88
3194,85.0,1.848
3194,100.0,1.056
3194,111.0,0.528
3194,123.0,0.864
3194,137.0,0.6
3194,149.0,0.158
3194,164.0,0.504
3194,179.0,0.48
3194,193.0,0.48
3194,209.0,0.264
3194,229.0,0.264
3194,248.0,0.125
3194,266.0,0.24
3195,3.0,8.64
3195,17.0,8.16
3195,29.0,5.52
3195,38.0,4.56
3195,51.0,3.12
3195,67.0,2.304
3195,83.0,3.12
3195,94.0,3.84
3195,107.0,1.8
3195,122.0,0.221
3195,133.0,0.221
3195,148.0,1.32
3195,162.0,1.08
3195,176.0,0.984
3195,192.0,0.528
3195,211.0,0.744
3195,229.0,0.264
3195,246.0,0.504
3200,0.0,0.576
3200,9.0,0.48
3200,18.0,0.089
3200,27.0,0.122
3200,34.0,0.048
3200,41.0,0.072
3200,47.0,0.06
3200,53.0,0.082
3200,57.0,0.089
3200,61.0,0.067
3200,72.0,0.029
3200,77.0,0.029
3200,82.0,0.018
3200,86.0,0.022
3200,89.0,0.013
3200,96.0,0.026
3200,105.0,0.004
3200,112.0,0.005
3200,117.0,0.004
3200,121.0,0.015
3200,127.0,0.005
3200,133.0,0.005
3201,0.0,1.176
3201,9.0,1.56
3201,15.0,1.272
3201,26.0,0.264
3201,36.0,0.336
3201,44.0,0.137
3201,50.0,0.206
3201,55.0,0.158
3201,60.0,0.216
3201,65.0,0.226
3201,68.0,0.175
3201,78.0,0.077
3201,82.0,0.072
3201,86.0,0.046
3201,89.0,0.055
3201,92.0,0.034
3201,97.0,0.07
3201,104.0,0.006
3201,110.0,0.012
3201,114.0,0.023
3201,118.0,0.041
3201,123.0,0.011
3201,128.0,0.014
3202,5.0,0.792
3202,11.0,1.032
3202,18.0,1.032
3202,28.0,1.608
3202,39.0,1.728
3202,48.0,0.48
3202,55.0,0.672
3202,60.0,0.336
3202,64.0,0.528
3202,67.0,0.384
3202,70.0,0.6
3202,72.0,0.672
3202,74.0,0.576
3202,81.0,0.264
3202,84.0,0.228
3202,87.0,0.146
3202,90.0,0.158
3202,92.0,0.094
3202,96.0,0.214
3202,103.0,0.026
3202,106.0,0.12
3202,109.0,0.202
3203,33.0,3.6
3203,35.0,5.76
3203,37.0,6.24
3203,41.0,9.84
3203,47.0,12.24
3203,52.0,3.12
3203,55.0,4.32
3203,58.0,2.112
3203,60.0,3.12
3203,62.0,2.88
3203,64.0,3.6
3203,67.0,1.992
3203,73.0,1.464
3203,76.0,1.176
3203,78.0,0.936
3203,80.0,1.176
3203,82.0,0.792
3203,85.0,2.352
3203,93.0,0.648
3203,96.0,0.648
3203,98.0,0.094
3203,101.0,0.089
3204,28.0,5.04
3204,29.0,6.96
3204,30.0,7.44
3204,33.0,12.48
3204,37.0,18.0
3204,41.0,4.8
3204,45.0,7.2
3204,47.0,1.752
3204,48.0,4.56
3204,50.0,4.56
3204,51.0,8.16
3204,53.0,5.28
3204,55.0,3.6
3204,60.0,1.296
3204,63.0,1.056
3204,65.0,0.912
3204,67.0,1.344
3204,68.0,1.68
3204,71.0,6.0
3205,20.0,8.64
3205,20.0,12.0
3205,21.0,12.72
3205,23.0,20.88
3205,25.0,28.8
3205,29.0,12.72
3205,32.0,40.8
3205,36.0,5.76
3205,37.0,3.36
3205,39.0,4.08
3205,41.0,3.12
3205,42.0,3.84
3205,48.0,2.64
3205,51.0,1.992
3205,52.0,1.296
3205,53.0,1.176
3205,54.0,1.416
3205,56.0,2.4
3205,58.0,0.07
3205,64.0,1.104
3205,67.0,1.008
3206,16.0,3.12
3206,16.0,3.84
3206,17.0,4.08
3206,18.0,6.96
3206,19.0,9.84
3206,21.0,2.88
3206,24.0,5.76
3206,26.0,0.288
3206,28.0,1.704
3206,30.0,1.464
3206,31.0,2.04
3206,32.0,1.56
3206,32.0,1.68
3206,37.0,0.576
3206,38.0,0.576
3206,40.0,0.336
3206,40.0,0.36
3206,42.0,0.528
3206,45.0,0.036
3206,48.0,0.24
3206,49.0,0.312
3210,15.0,0.408
3210,15.0,0.312
3210,16.0,0.233
3210,17.0,0.312
3210,22.0,0.336
3210,26.0,0.528
3210,34.0,0.072
3210,45.0,0.115
3210,68.0,0.055
3210,71.0,0.041
3210,74.0,0.065
3210,76.0,0.067
3210,80.0,0.05
3210,82.0,0.046
3210,86.0,0.038
3210,88.0,0.034
3210,91.0,0.034
3210,112.0,0.034
3210,118.0,0.043
3210,125.0,0.043
3210,153.0,0.036
3210,156.0,0.077
3210,158.0,0.101
3210,161.0,0.086
3210,166.0,0.018
3210,172.0,0.011
3210,174.0,0.013
3211,19.0,0.864
3211,20.0,0.888
3211,22.0,1.056
3211,25.0,1.08
3211,27.0,1.632
3211,33.0,0.312
3211,42.0,0.456
3211,60.0,0.288
3211,64.0,0.23
3211,68.0,0.19
3211,71.0,0.23
3211,73.0,0.218
3211,78.0,0.168
3211,82.0,0.144
3211,86.0,0.113
3211,89.0,0.115
3211,103.0,0.127
3211,109.0,0.115
3211,116.0,0.142
3211,122.0,0.139
3211,148.0,0.118
3211,151.0,0.204
3211,153.0,0.264
3211,158.0,0.218
3211,164.0,0.198
3211,169.0,0.217
3212,33.0,6.48
3212,50.0,1.656
3212,53.0,1.176
3212,56.0,0.888
3212,57.0,0.816
3212,59.0,0.84
3212,61.0,0.84
3212,64.0,0.864
3212,66.0,0.864
3212,68.0,0.96
3212,70.0,1.056
3212,72.0,1.2
3212,74.0,1.2
3212,76.0,1.032
3212,78.0,0.936
3212,80.0,0.816
3212,94.0,0.744
3212,101.0,0.552
3212,108.0,0.504
3212,114.0,0.432
3212,120.0,0.194
3212,138.0,0.082
3212,140.0,0.142
3212,142.0,0.194
3212,144.0,0.264
3212,146.0,0.312
3212,149.0,0.36
3212,151.0,0.336
3212,154.0,0.197
3213,2.0,6.96
3213,7.0,5.52
3213,26.0,2.4
3213,30.0,2.4
3213,32.0,1.92
3213,37.0,1.248
3213,41.0,0.984
3213,46.0,0.792
3213,51.0,0.672
3213,55.0,0.648
3213,58.0,0.648
3213,71.0,0.672
3213,78.0,0.672
3213,90.0,0.768
3213,100.0,0.456
3213,108.0,0.672
3213,113.0,0.936
3213,117.0,0.624
3213,121.0,0.696
3213,123.0,0.792
3213,126.0,0.744
3213,129.0,0.504
3213,133.0,0.594
3213,136.0,0.592
3213,140.0,0.592
3214,7.0,18.0
3214,10.0,19.2
3214,13.0,12.96
3214,15.0,9.12
3214,11.0,7.44
3214,14.0,6.96
3214,18.0,6.96
3214,21.0,6.72
3214,24.0,7.92
3214,26.0,9.84
3214,29.0,12.0
3214,31.0,13.2
3214,33.0,12.48
3214,36.0,11.04
3214,38.0,8.64
3214,52.0,2.88
3214,64.0,3.84
3214,70.0,2.88
3214,75.0,1.416
3214,80.0,0.672
3214,84.0,0.384
3214,87.0,0.456
3214,90.0,0.936
3214,92.0,1.656
3214,94.0,2.4
3214,96.0,2.88
3214,98.0,2.64
3214,100.0,2.376
3214,103.0,2.232
3214,106.0,1.872
3214,110.0,1.2
3220,4.0,0.408
3220,10.0,0.432
3220,16.0,0.48
3220,20.0,0.504
3220,24.0,0.672
3220,27.0,0.696
3220,33.0,0.792
3220,42.0,0.194
3220,50.0,0.696
3220,56.0,0.178
3220,67.0,0.113
3220,82.0,0.197
3220,93.0,0.17
3220,99.0,0.113
3220,105.0,0.098
3220,111.0,0.043
3220,116.0,0.046
3220,121.0,0.034
3220,131.0,0.036
3220,141.0,0.036
3220,150.0,0.036
3220,162.0,0.06
3220,175.0,0.029
3220,187.0,0.024
3220,199.0,0.012
3220,208.0,0.014
3221,4.0,6.72
3221,9.0,5.28
3221,14.0,3.84
3221,17.0,5.52
3221,19.0,2.88
3221,21.0,18.0
3221,26.0,14.64
3221,32.0,3.84
3221,38.0,6.96
3221,46.0,1.68
3221,56.0,1.44
3221,66.0,0.768
3221,75.0,0.432
3221,82.0,0.288
3221,88.0,0.264
3221,93.0,0.194
3221,98.0,0.185
3221,105.0,0.238
3221,114.0,0.019
3221,123.0,0.05
3221,144.0,0.792
3221,154.0,0.058
3221,163.0,0.043
3221,170.0,0.043
3221,178.0,0.046
3222,3.0,7.68
3222,4.0,6.96
3222,6.0,26.4
3222,9.0,20.4
3222,16.0,4.56
3222,22.0,8.64
3222,29.0,4.08
3222,39.0,5.04
3222,49.0,2.328
3222,59.0,1.464
3222,66.0,0.984
3222,73.0,0.864
3222,79.0,0.792
3222,85.0,0.696
3222,91.0,0.6
3222,102.0,0.12
3222,140.0,0.312
3223,1.0,48.0
3223,8.0,16.56
3223,12.0,24.0
3223,20.0,4.56
3223,30.0,4.8
3223,40.0,3.36
3223,49.0,2.4
3223,64.0,1.008
3223,70.0,1.08
3223,76.0,0.864
3223,82.0,0.672
3223,92.0,0.194
3223,102.0,0.384
3224,6.0,1.92
3224,11.0,2.376
3224,19.0,1.68
3224,34.0,0.792
3224,40.0,0.84
3224,46.0,1.224
3224,52.0,1.128
3224,74.0,1.128
3225,6.0,2.28
3225,10.0,3.6
3225,21.0,1.488
3225,42.0,1.248
3225,46.0,1.104
3225,61.0,0.48
3230,,
3231,,
3232,,
3240,,
3241,,
3242,,
3243,,
3250,,
3251,,
3252,,
3253,,
3260,,
3261,,
3262,,
3263,,
3264,,
3270,14.0,0.5569
3270,41.0,0.0444
3270,86.0,0.0147
3270,193.0,0.0036
3270,221.0,0.0417
3270,251.0,0.0019
3270,275.0,0.0014
3270,313.0,0.0005
3270,328.0,0.0004
3270,362.0,0.0004
3270,376.0,0.0003
3270,384.0,0.0002
3270,401.0,0.0003
3270,426.0,0.005
3270,436.0,0.005
3270,443.0,0.005
3270,445.0,0.0003
3270,450.0,0.0004
3271,4.0,0.3282
3271,10.0,0.5836
3271,19.0,0.133
3271,31.0,0.0391
3271,39.0,0.0352
3271,45.0,0.0132
3271,49.0,0.0094
3271,56.0,0.0019
3271,59.0,0.0015
3271,68.0,0.0013
3271,71.0,0.001
3271,73.0,0.0008
3271,78.0,0.0013
3271,86.0,0.0036
3271,89.0,0.0041
3271,93.0,0.0043
3271,96.0,0.0027
3271,100.0,0.0036
3272,1.0,0.4014
3272,3.0,0.3804
3272,4.0,0.1065
3272,7.0,0.1816
3272,8.0,0.3158
3272,10.0,0.328
3272,12.0,0.2117
3272,15.0,0.1032
3272,17.0,0.027
3272,19.0,0.0696
3272,21.0,0.0455
3272,21.0,0.0444
3272,23.0,0.0804
3272,27.0,0.0506
3272,29.0,0.0317
3272,31.0,0.0237
3272,34.0,0.0094
3272,36.0,0.0097
3273,2.0,0.3382
3273,3.0,0.2744
3273,4.0,0.815
3273,5.0,0.099
3273,6.0,0.1515
3273,7.0,0.1687
3273,9.0,0.1314
3273,11.0,0.1021
3273,12.0,0.0341
3273,14.0,0.0487
3273,14.0,0.0279
3273,15.0,0.0247
3273,15.0,0.0248
3273,16.0,0.0136
3273,16.0,0.0087
3273,17.0,0.0134
3273,17.0,0.0105
3273,17.0,0.0091
3274,2.0,0.5385
3274,3.0,0.4893
3274,4.0,0.2143
3274,6.0,0.2469
3274,7.0,0.337
3274,8.0,0.3503
3274,9.0,0.2664
3274,10.0,0.2084
3274,11.0,0.1001
3274,13.0,0.0946
3274,13.0,0.0602
3274,14.0,0.0593
3274,41.0,0.0547
3274,15.0,0.0454
3274,15.0,0.0403
3274,16.0,0.0458
3274,16.0,0.0423
3274,16.0,0.0344
3281,28.0,0.103
3281,44.0,0.0258
3281,58.0,0.0067
3281,74.0,0.0049
3281,98.0,0.0029
3281,126.0,0.0011
3281,263.0,0.0003
3282,25.0,0.159
3282,38.0,0.0918
3282,49.0,0.0502
3282,59.0,0.0332
3282,81.0,0.00151
3282,107.0,0.0005
3283,18.0,0.353
3283,25.0,0.213
3283,29.0,0.142
3283,34.0,0.0807
3283,39.0,0.0486
3283,44.0,0.0258
3283,53.0,0.0202
3290,,
3291,,
3292,,
3293,,
3300,,
3301,,
3302,,
3303,,
3310,,
3311,,
3312,,
3313,,
3320,,
3321,,
3322,,
3323,,
3330,,
3331,,
3332,,
3340,,
3341,,
3350,,
3351,,
3360,,
3361,,
3370,,
3371,,
3380,,
3381,,
3390,,
3391,,
3392,,
3393,,
3395,,
4000,,
4001,,
4010,,
4011,,
4020,,
4021,,
4030,,
4031,,
4032,,
4033,,
4040,,
4041,,
4042,,
4043,,
4050,,
4051,,
4052,,
4060,,
4061,,
4062,,
4070,,
4071,,
4080,,
4081,,
4082,,
4090,,
4091,,
4092,,
4100,,
4101,,
4102,,
4110,,
4111,,
4112,,
4120,,
4121,,
4130,,
4131,,
4132,,
4140,,
4141,,
4142,,
4150,,
4151,,
4152,,
4160,,
4161,,
4162,,
4170,,
4171,,
4172,,
4180,,
4181,,
4182,,
4183,,
4190,,
4191,,
4192,,
4193,,
4194,,
4195,,
4200,,
4201,,
4202,,
4203,,
4204,,
4210,,
4211,,
4212,,
4213,,
4220,,
4221,,
4222,,
4223,,
4224,,
4230,,
4231,,
4232,,
4233,,
4234,,
4241,,
4242,,
4243,,
4251,,
4252,,
4253,,
4261,,
4262,,
4263,,
4271,,
4272,,
4273,,
4281,,
4282,,
4283,,
4284,,
4291,,
4310,,
4311,,
4340,,
4341,,
4390,,
4391,,
4410,,
4411,,
4412,,
4440,,
4441,,
4442,,
4443,,
4444,,
4445,,
4450,,
4460,,
4470,,
4480,,
4490,,
4500,,
4510,,
4511,,
4512,,
4514,,
4520,,
4521,,
4522,,
4523,,
4530,,
4531,,
4532,,
4533,,
4540,,
4541,,
4542,,
4543,,
4544,,
4550,,
4551,,
4552,,
4553,,
4560,,
4561,,
4562,,
4564,,
4570,,
4571,,
4572,,
4573,,
4574,,
4575,,
4580,,
4581,,
4582,,
4583,,
4590,,
4591,,
4592,,
4600,,
4601,,
4602,,
4610,,
4611,,
4612,,
4620,,
4621,,
4622,,
4650,,
4651,,
4660,,
4661,,
4670,,
4671,,
4672,,
4673,,
4680,,
4681,,
4690,,
4700,,
4710,,
4720,,
4750,,
4760,,
4770,,
4780,,
4790,,
4791,,
4800,,
4801,,
4810,,
4870,,
4880,,
4881,,
4890,,
4910,,
4920,,
4921,,
4922,,
4923,,
4940,,
4941,,
4950,,
4960,,
