code,comment_general_ID,comment_soilprop_ID,comment_fwr_ID,comment_lwr_ID,comment_fhc_ID,comment_lhc_ID,comment_fsc_ID,comment_lsc_ID,comment_field_ID,comment_lab_ID
1010,1,1,1,1,1,999,999,1,1,1
1011,1,1,1,1,1,999,999,1,1,1
1012,1,1,1,1,1,999,999,1,1,1
1013,1,1,1,1,1,999,999,1,1,1
1014,1,1,1,1,1,999,999,1,1,1
1015,1,1,1,1,1,999,999,1,1,1
1020,999,2,999,2,1,999,999,999,2,2
1021,999,2,999,2,1,999,999,999,2,2
1022,999,2,999,2,1,999,999,999,2,2
1023,999,2,999,2,1,999,999,999,2,2
1024,999,2,999,2,1,999,999,999,2,2
1030,3,999,999,3,1,999,999,999,3,3
1031,3,999,999,3,1,999,999,999,3,3
1032,3,999,999,3,1,999,999,999,3,3
1040,4,999,999,3,1,999,999,1,3,3
1041,4,999,999,3,1,999,999,1,3,3
1042,4,999,999,3,1,999,999,1,3,3
1043,4,999,999,3,1,999,999,1,3,3
1050,999,999,999,4,1,999,999,1,4,4
1051,999,999,999,4,1,999,999,1,4,4
1052,999,999,999,4,1,999,999,1,4,4
1053,999,999,999,4,1,999,999,1,4,4
1054,999,999,999,4,1,999,999,1,4,4
1060,999,999,999,4,1,999,999,1,4,4
1061,999,999,999,4,1,999,999,1,4,4
1062,999,999,999,4,1,999,999,1,4,4
1063,999,999,999,4,1,999,999,1,4,4
1070,999,999,999,4,1,999,999,1,4,4
1071,999,999,999,4,1,999,999,1,4,4
1072,999,999,999,4,1,999,999,1,4,4
1073,999,999,999,4,1,999,999,1,4,4
1074,999,999,999,4,1,999,999,1,4,4
1075,999,999,999,4,1,999,999,1,4,4
1080,5,4,999,5,999,2,999,999,999,5
1081,6,4,999,5,999,2,999,999,999,5
1082,7,4,999,5,999,2,999,999,999,5
1083,8,4,999,5,999,2,999,999,999,5
1084,9,4,999,5,999,2,999,999,999,5
1085,10,4,999,5,999,2,999,999,999,5
1086,11,4,999,5,999,2,999,999,999,5
1087,12,4,999,5,999,2,999,999,999,5
1090,13,5,999,4,1,999,999,1,6,6
1091,13,5,999,4,1,999,999,1,6,6
1092,13,5,999,4,1,999,999,1,6,6
1100,14,6,999,2,1,999,999,999,7,7
1101,14,6,999,2,1,999,999,999,7,7
1102,14,6,999,2,1,999,999,999,7,7
1103,14,6,999,2,1,999,999,999,7,7
1104,14,6,999,2,1,999,999,999,7,7
1110,15,7,999,2,1,999,999,999,7,7
1111,15,7,999,2,1,999,999,999,7,7
1112,15,7,999,2,1,999,999,999,7,7
1113,15,7,999,2,1,999,999,999,7,7
1114,15,7,999,2,1,999,999,999,7,7
1115,15,7,999,2,1,999,999,999,7,7
1116,15,7,999,2,1,999,999,999,7,7
1117,15,7,999,2,1,999,999,999,7,7
1120,16,999,1,3,1,999,999,1,1,8
1121,16,999,1,3,1,999,999,1,1,8
1122,16,999,1,3,1,999,999,1,1,8
1123,16,999,1,3,1,999,999,1,1,8
1130,999,8,1,3,1,999,999,3,8,9
1131,999,9,1,3,1,999,999,3,8,9
1132,999,8,1,3,1,999,999,3,8,9
1133,999,8,1,3,1,999,999,3,8,9
1134,999,8,1,3,1,999,999,3,8,9
1135,999,8,1,3,1,999,999,3,8,9
1140,17,10,999,4,1,999,999,1,6,6
1141,17,10,999,4,1,999,999,1,6,6
1142,17,10,999,4,1,999,999,1,6,6
1143,17,10,999,4,1,999,999,1,6,6
1150,18,999,3,999,3,999,999,999,999,999
1151,18,999,3,999,3,999,999,999,9,10
1152,18,999,3,999,3,999,999,999,9,10
1160,19,11,999,2,1,999,999,1,9,10
1161,19,11,999,2,1,999,999,1,9,10
1162,19,11,999,2,1,999,999,1,9,10
1163,19,11,999,2,1,999,999,1,9,10
1164,19,11,999,2,1,999,999,1,9,10
1165,19,11,999,2,1,999,999,1,9,10
1166,19,11,999,2,1,999,999,1,9,10
1170,20,999,999,2,1,999,999,999,10,11
1171,20,999,999,2,1,999,999,999,10,11
1172,20,999,999,2,1,999,999,999,10,11
1173,20,999,999,2,1,999,999,999,10,11
1174,20,999,999,2,1,999,999,999,10,11
1180,21,999,1,3,1,999,999,1,11,1
1181,21,999,1,3,1,999,999,1,11,1
1182,21,999,1,3,1,999,999,1,11,1
1183,21,999,1,3,1,999,999,1,11,1
1184,21,999,1,3,1,999,999,1,11,1
1190,22,12,1,7,1,999,999,999,12,12
1191,22,12,1,7,1,999,999,999,12,12
1192,22,12,1,7,1,999,999,999,12,12
1193,22,12,1,7,1,999,999,999,12,12
1194,22,12,1,7,1,999,999,999,12,12
1200,23,12,1,8,1,999,999,999,13,13
1201,23,12,1,8,1,999,999,999,13,13
1202,23,12,1,8,1,999,999,999,13,13
1203,23,12,1,8,1,999,999,999,13,13
1204,23,12,1,8,1,999,999,999,13,13
1210,24,12,1,7,1,999,999,999,14,12
1211,24,12,1,7,1,999,999,999,14,12
1212,24,12,1,7,1,999,999,999,14,12
1213,24,12,1,7,1,999,999,999,14,12
1220,25,999,1,9,1,999,999,999,15,14
1221,25,999,1,9,1,999,999,999,15,14
1222,25,999,1,9,1,999,999,999,15,14
1223,25,999,1,9,1,999,999,999,15,14
1224,25,999,1,9,1,999,999,999,15,14
1225,26,999,1,9,1,999,999,999,15,14
1230,27,999,1,9,1,999,999,999,16,15
1231,28,999,1,9,1,999,999,999,16,15
1232,29,999,1,9,1,999,999,999,16,15
1233,29,999,1,9,1,999,999,999,16,15
1234,29,999,1,9,1,999,999,999,16,15
1235,29,999,1,9,1,999,999,999,16,15
1236,29,999,1,9,1,999,999,999,16,15
1237,29,999,1,9,1,999,999,999,16,15
1240,999,13,1,10,1,3,2,4,17,16
1241,999,13,1,10,1,3,2,4,17,16
1260,30,13,1,10,1,3,2,4,18,999
1261,30,13,1,10,1,3,2,4,19,999
1270,31,14,999,11,999,4,3,1,20,18
1280,32,15,999,2,999,5,999,1,999,19
1281,32,16,999,2,999,5,999,1,999,19
1282,33,15,999,2,999,5,999,1,999,19
1290,34,17,1,12,1,5,999,1,21,20
1300,999,18,999,13,999,2,999,5,999,21
1301,999,18,999,13,999,2,999,5,999,21
1310,999,18,999,13,999,2,999,5,999,21
1320,35,19,999,12,999,5,999,999,999,20
1330,36,20,1,12,1,5,999,1,21,20
1331,36,20,1,12,1,5,999,1,21,20
1340,37,21,999,2,999,6,999,999,999,22
1341,38,21,999,2,999,6,999,999,999,22
1342,38,21,999,2,999,6,999,999,999,22
1350,39,21,999,2,999,6,999,999,999,22
1351,40,21,999,2,999,6,999,999,999,22
1352,40,21,999,2,999,6,999,999,999,22
1360,41,22,999,2,999,5,999,1,22,23
1361,42,23,999,2,999,5,999,1,22,23
1362,43,24,999,2,999,5,999,1,22,23
1370,44,25,999,2,999,5,999,1,999,23
1371,44,26,999,2,999,5,999,1,22,23
1372,44,25,999,2,999,5,999,1,22,23
1380,45,27,999,2,999,5,999,1,22,23
1381,45,28,999,2,999,5,999,1,999,23
1382,45,29,999,2,999,5,999,1,999,23
1383,45,30,999,2,999,5,999,1,999,23
1390,46,31,999,2,999,5,999,1,999,23
1391,47,32,999,2,999,5,999,1,999,23
1392,48,33,999,2,999,5,999,1,999,23
1400,49,34,999,2,999,5,999,1,999,23
1410,50,35,999,5,999,7,999,6,22,24
1420,51,36,999,14,999,8,999,999,22,25
1430,999,999,999,15,999,9,999,999,999,26
1440,999,999,999,15,999,9,999,999,999,27
1450,999,37,999,15,999,9,999,999,999,28
1460,52,999,999,5,999,2,999,999,22,29
1461,52,999,999,5,999,2,999,999,22,29
1462,52,999,999,5,999,2,999,999,22,29
1463,52,999,999,5,999,2,999,999,22,29
1464,52,999,999,5,999,2,999,999,22,29
1465,52,999,999,5,999,2,999,999,22,29
1466,52,999,999,5,999,2,999,999,22,29
1467,52,999,999,5,999,2,999,999,22,29
1480,53,999,999,14,999,7,999,1,999,30
1481,54,999,999,14,999,7,999,1,999,30
1482,55,999,999,14,999,7,999,1,999,30
1490,56,38,999,2,999,5,999,1,999,23
2000,57,39,999,2,999,6,999,999,999,22
2001,58,39,999,2,999,6,999,999,999,22
2002,58,39,999,2,999,6,999,999,999,22
2010,59,40,999,2,999,6,999,999,999,22
2011,60,39,999,2,999,6,999,999,999,22
2012,60,39,999,2,999,6,999,999,999,22
2020,61,41,999,9,1,999,999,1,23,31
2021,62,42,999,9,1,999,999,1,23,31
2022,63,42,999,9,1,999,999,1,23,31
2030,64,43,999,14,1,999,4,999,24,32
2031,64,43,999,14,1,999,4,999,24,32
2032,64,43,999,14,1,999,4,999,24,32
2040,65,44,999,14,1,999,4,999,24,32
2041,65,45,999,14,1,999,4,999,24,32
2050,66,44,999,14,1,999,4,999,24,32
2051,67,43,999,14,1,999,4,999,24,32
2060,68,46,999,14,1,999,4,999,24,32
2061,68,47,999,14,1,999,4,999,24,32
2070,69,48,999,14,1,999,4,999,24,32
2071,70,49,999,14,1,999,4,999,24,32
2080,71,50,999,14,1,999,4,999,24,32
2081,72,51,999,14,1,999,4,999,24,32
2090,73,52,999,14,1,999,4,999,24,32
2091,74,53,999,14,1,999,4,999,24,32
2092,74,54,999,14,1,999,4,999,24,32
2100,75,55,1,4,1,999,999,1,25,33
2101,75,55,1,4,1,999,999,1,25,33
2102,75,55,1,4,1,999,999,1,25,33
2103,75,55,1,4,1,999,999,1,25,33
2104,75,55,1,4,1,999,999,1,25,33
2105,75,55,1,4,1,999,999,1,25,33
2110,76,999,1,3,1,999,999,1,26,34
2111,76,999,1,3,1,999,999,1,26,34
2120,77,999,1,3,1,999,999,1,27,34
2121,77,999,1,3,1,999,999,1,27,34
2122,77,999,1,3,1,999,999,1,27,34
2123,77,999,1,3,1,999,999,1,27,34
2124,77,999,1,3,1,999,999,1,27,34
2125,77,999,1,3,1,999,999,1,27,34
2126,77,999,1,3,1,999,999,1,27,34
2130,78,999,1,3,1,999,999,1,28,34
2131,78,999,1,3,1,999,999,1,28,34
2132,78,999,1,3,1,999,999,1,28,34
2140,79,56,4,16,4,10,5,1,29,35
2141,79,999,4,16,4,10,5,1,999,36
2150,80,999,4,16,4,10,5,1,29,37
2151,80,57,4,16,4,10,5,1,999,36
2160,81,58,999,4,1,7,999,999,30,38
2161,81,58,999,4,1,7,999,999,30,38
2170,82,59,999,4,1,7,999,999,31,39
2171,82,59,999,4,1,7,999,999,31,39
2180,82,60,999,4,1,7,999,999,31,39
2181,82,60,999,4,1,7,999,999,31,39
2190,83,61,999,17,999,999,999,999,22,40
2191,84,61,999,17,999,999,999,999,22,40
2192,83,61,999,17,999,999,999,999,22,40
2193,85,61,999,17,999,999,999,999,22,40
2194,86,61,999,17,999,999,999,999,22,40
2195,87,61,999,17,999,999,999,999,22,40
2196,88,61,999,17,999,999,999,999,22,40
2197,89,61,999,17,999,999,999,999,22,40
2198,90,61,999,17,999,999,999,999,22,40
2200,91,62,999,18,999,999,999,999,999,41
2201,92,62,999,18,999,999,999,999,999,42
2202,93,62,999,18,999,999,999,999,999,43
2203,94,62,999,18,999,999,999,999,999,44
2210,95,63,999,10,999,11,999,1,999,45
2211,95,63,999,10,999,11,999,1,999,46
2212,95,63,999,10,999,11,999,1,999,46
2213,95,63,999,10,999,11,999,1,999,47
2214,95,63,999,10,999,11,999,1,999,48
2215,95,63,999,10,999,11,999,1,999,48
2216,95,63,999,10,999,11,999,1,999,49
2217,95,63,999,10,999,11,999,1,999,50
2220,999,999,999,18,999,12,999,7,999,51
2221,999,999,999,18,999,12,999,7,999,51
2230,96,64,999,10,999,13,999,999,999,52
2231,96,65,999,10,999,13,999,999,999,52
2232,96,66,999,10,999,13,999,999,999,52
2240,97,67,999,10,999,13,999,6,999,52
2241,97,68,999,10,999,13,999,6,999,52
2242,97,69,999,10,999,13,999,6,999,52
2243,97,70,999,10,999,13,999,6,999,52
2250,98,71,999,10,999,13,999,6,999,52
2251,98,72,999,10,999,13,999,6,999,52
2252,98,73,999,10,999,13,999,6,999,52
2253,98,74,999,10,999,13,999,6,999,52
2260,99,999,999,999,999,13,999,6,999,53
2261,100,75,999,999,999,13,999,6,22,54
2262,101,76,999,999,999,13,999,6,22,55
2270,102,999,999,999,999,13,999,6,999,56
2271,102,999,999,999,999,13,999,6,999,57
2272,102,999,999,999,999,13,999,6,999,54
2273,102,999,999,999,999,13,999,6,999,58
2280,103,999,999,999,999,13,999,6,999,56
2281,103,999,999,999,999,13,999,6,999,57
2282,103,999,999,999,999,13,999,6,999,54
2283,103,999,999,999,999,13,999,6,999,58
2290,104,999,999,999,999,13,999,6,999,59
2291,104,999,999,999,999,13,999,6,999,60
2292,104,75,999,999,999,13,999,6,22,54
2293,104,77,999,999,999,13,999,6,22,61
2300,105,999,999,999,999,13,999,6,999,62
2301,105,999,999,999,999,13,999,6,999,63
2302,104,999,999,999,999,13,999,6,999,59
2303,104,999,999,999,999,13,999,6,999,60
2304,106,999,999,999,999,13,999,6,999,64
2305,106,999,999,999,999,13,999,6,999,65
2306,104,77,999,999,999,13,999,6,999,61
2307,104,75,999,999,999,13,999,6,999,54
2310,107,78,999,5,999,7,999,6,999,66
2320,999,79,999,10,999,5,999,4,22,67
2321,999,79,999,10,999,5,999,4,22,67
2330,999,999,999,10,999,5,999,4,999,67
2331,999,999,999,10,999,5,999,4,999,67
2332,108,999,999,10,999,5,999,4,999,67
2333,108,999,999,10,999,5,999,4,999,67
2334,999,999,999,10,999,5,999,4,999,67
2340,999,80,999,10,999,5,999,4,999,67
2341,999,80,999,10,999,5,999,4,999,67
2342,999,80,999,10,999,5,999,4,999,67
2350,999,999,999,10,999,5,999,4,999,67
2351,999,999,999,10,999,5,999,4,999,67
2360,999,80,999,2,999,13,999,4,999,68
2361,999,999,999,2,999,13,999,4,999,69
2362,999,80,999,2,999,13,999,4,999,69
2370,109,81,1,4,1,999,999,999,32,70
2371,109,81,1,4,1,999,999,999,32,70
2372,109,81,1,4,1,999,999,999,32,70
2373,109,81,1,4,1,999,999,999,32,70
2374,109,81,1,4,1,999,999,999,32,70
2380,110,81,1,4,1,999,999,999,32,70
2381,110,81,1,4,1,999,999,999,32,70
2382,110,81,1,4,1,999,999,999,32,70
2383,110,81,1,4,1,999,999,999,32,70
2384,110,81,1,4,1,999,999,999,32,70
2385,110,81,1,4,1,999,999,999,32,70
2390,111,81,1,4,1,999,999,999,32,70
2391,111,81,1,4,1,999,999,999,32,70
2392,111,81,1,4,1,999,999,999,32,70
2393,111,81,1,4,1,999,999,999,32,70
2394,111,81,1,4,1,999,999,999,32,70
2395,111,81,1,4,1,999,999,999,32,70
2400,112,81,1,4,1,999,999,999,32,70
2401,112,81,1,4,1,999,999,999,32,70
2402,112,81,1,4,1,999,999,999,32,70
2403,112,81,1,4,1,999,999,999,32,70
2404,112,81,1,4,1,999,999,999,32,70
2405,112,81,1,4,1,999,999,999,32,70
2410,112,81,1,4,1,999,999,999,32,70
2411,112,81,1,4,1,999,999,999,32,70
2412,112,81,1,4,1,999,999,999,32,70
2413,112,81,1,4,1,999,999,999,32,70
2414,112,81,1,4,1,999,999,999,32,70
2415,112,81,1,4,1,999,999,999,32,70
2420,110,81,1,4,1,999,999,999,32,70
2421,110,81,1,4,1,999,999,999,32,70
2422,110,81,1,4,1,999,999,999,32,70
2423,110,81,1,4,1,999,999,999,32,70
2424,110,81,1,4,1,999,999,999,32,70
2425,110,81,1,4,1,999,999,999,32,70
2430,111,81,1,4,1,999,999,999,32,70
2431,111,81,1,4,1,999,999,999,32,70
2432,111,81,1,4,1,999,999,999,32,70
2433,111,81,1,4,1,999,999,999,32,70
2434,111,81,1,4,1,999,999,999,32,70
2435,111,81,1,4,1,999,999,999,32,70
2440,113,81,1,4,1,999,999,999,32,70
2441,113,81,1,4,1,999,999,999,32,70
2442,113,81,1,4,1,999,999,999,32,70
2443,113,81,1,4,1,999,999,999,32,70
2444,113,81,1,4,1,999,999,999,32,70
2445,113,81,1,4,1,999,999,999,32,70
2450,111,81,1,4,1,999,999,999,33,70
2451,111,81,1,4,1,999,999,999,33,70
2452,111,81,1,4,1,999,999,999,33,70
2453,111,81,1,4,1,999,999,999,33,70
2454,111,81,1,4,1,999,999,999,33,70
2455,111,81,1,4,1,999,999,999,33,70
2460,114,82,999,14,999,13,999,999,999,71
2461,114,83,999,14,999,13,999,999,22,71
2462,114,84,999,14,999,13,999,999,22,71
2463,114,85,999,14,999,2,999,999,22,72
2464,114,86,999,14,999,2,999,999,22,72
2470,114,999,5,14,999,13,999,999,34,73
2471,114,999,5,14,999,13,999,999,34,71
2472,114,999,5,14,999,13,999,999,34,71
2480,115,87,1,999,1,999,999,999,35,999
2481,115,87,1,999,1,999,999,999,35,999
2482,115,87,1,999,1,999,999,999,35,999
2483,115,999,1,999,1,999,999,999,35,999
2491,115,88,999,10,999,5,999,4,999,74
2492,115,88,999,10,999,5,999,4,999,74
2493,115,88,999,10,999,5,999,4,22,74
2530,116,88,999,19,999,5,999,4,999,75
2531,116,88,999,19,999,5,999,4,999,75
2532,116,88,999,19,999,5,999,4,999,75
2540,117,88,999,19,999,5,999,1,999,76
2541,117,88,999,19,999,5,999,1,999,76
2542,117,88,999,19,999,5,999,1,999,76
2550,117,88,999,19,999,5,999,1,999,76
2551,117,88,999,19,999,5,999,1,999,76
2552,117,88,999,19,999,5,999,1,999,76
2560,118,19,999,2,999,14,999,4,999,999
2561,118,19,999,2,999,14,999,4,999,999
2562,118,19,999,2,999,14,999,4,999,999
2570,119,19,999,2,999,14,999,4,999,999
2571,119,19,999,2,999,14,999,4,999,999
2572,119,19,999,2,999,14,999,4,999,999
2573,119,19,999,2,999,14,999,4,999,999
2574,119,19,999,2,999,14,999,4,999,999
2580,120,19,999,2,999,14,999,4,999,999
2581,120,19,999,2,999,14,999,4,999,999
2582,120,19,999,2,999,14,999,4,999,999
2583,120,19,999,2,999,14,999,4,999,999
2584,120,19,999,2,999,14,999,4,999,999
2590,119,19,999,2,999,14,999,4,999,999
2591,119,19,999,2,999,14,999,4,999,999
2592,119,19,999,2,999,14,999,4,999,999
2593,119,19,999,2,999,14,999,4,999,999
2600,121,999,999,2,999,14,999,4,999,999
2601,121,999,999,2,999,14,999,4,999,999
2602,121,999,999,2,999,14,999,4,999,999
2603,121,999,999,2,999,14,999,4,999,999
2604,121,999,999,2,999,14,999,4,999,999
2605,121,999,999,2,999,14,999,4,999,999
2610,120,999,999,2,999,14,999,4,999,999
2611,120,999,999,2,999,14,999,4,999,999
2612,120,999,999,2,999,14,999,4,999,999
2613,120,999,999,2,999,14,999,4,999,999
2614,120,999,999,2,999,14,999,4,999,999
2620,122,999,999,2,999,14,999,4,999,999
2621,122,999,999,2,999,14,999,4,999,999
2622,122,999,999,2,999,14,999,4,999,999
2630,999,999,999,2,999,14,999,4,999,999
2631,999,999,999,2,999,14,999,4,999,999
2640,123,999,999,2,999,14,999,4,999,999
2641,123,999,999,2,999,14,999,4,999,999
2642,123,999,999,2,999,14,999,4,999,999
2650,119,999,999,2,999,14,999,4,999,999
2651,119,999,999,2,999,14,999,4,999,999
2652,119,999,999,2,999,14,999,4,999,999
2653,119,999,999,2,999,14,999,4,999,999
2660,121,999,999,2,999,14,999,4,999,999
2661,121,999,999,2,999,14,999,4,999,999
2670,121,999,999,2,999,14,999,4,999,999
2671,121,999,999,2,999,14,999,4,999,999
2672,121,999,999,2,999,14,999,4,999,999
2680,124,999,999,2,999,14,999,4,999,999
2681,124,999,999,2,999,14,999,4,999,999
2682,124,999,999,2,999,14,999,4,999,999
2683,124,999,999,2,999,14,999,4,999,999
2690,125,999,999,2,999,14,999,4,999,999
2691,125,999,999,2,999,14,999,4,999,999
2700,126,999,999,2,999,14,999,4,999,999
2701,126,999,999,2,999,14,999,4,999,999
2710,127,999,999,2,999,14,999,4,999,999
2711,127,999,999,2,999,14,999,4,999,999
2712,127,999,999,2,999,14,999,4,999,999
2713,127,999,999,2,999,14,999,4,999,999
2720,127,999,999,2,999,14,999,4,999,999
2721,127,999,999,2,999,14,999,4,999,999
2722,127,999,999,2,999,14,999,4,999,999
2723,127,999,999,2,999,14,999,4,999,999
2730,127,999,999,2,999,14,999,4,999,999
2731,127,999,999,2,999,14,999,4,999,999
2732,127,999,999,2,999,14,999,4,999,999
2740,128,999,999,2,999,14,999,4,999,999
2741,128,999,999,2,999,14,999,4,999,999
2742,128,999,999,2,999,14,999,4,999,999
2743,128,999,999,2,999,14,999,4,999,999
2750,129,999,999,2,999,14,999,4,999,999
2751,129,999,999,2,999,14,999,4,999,999
2752,129,999,999,2,999,14,999,4,999,999
2753,129,999,999,2,999,14,999,4,999,999
2760,130,999,999,2,999,14,999,4,999,999
2761,130,999,999,2,999,14,999,4,999,999
2762,130,999,999,2,999,14,999,4,999,999
2763,130,999,999,2,999,14,999,4,999,999
2764,130,999,999,2,999,14,999,4,999,77
2765,130,999,999,2,999,14,999,4,999,77
3000,999,999,999,8,999,14,999,999,999,77
3010,999,89,999,8,999,14,999,999,999,77
3020,999,89,999,8,999,14,999,999,999,77
3030,131,90,5,8,999,14,999,999,999,77
3031,131,90,999,8,999,14,999,999,999,77
3032,131,89,5,8,5,14,999,999,999,77
3033,131,90,5,8,999,14,999,999,36,77
3050,999,91,999,20,999,2,999,4,999,78
3060,999,91,999,20,999,2,999,1,999,79
3070,999,91,999,20,999,2,999,1,999,80
3080,999,91,999,20,999,2,999,1,999,81
3090,132,92,5,21,5,999,2,999,37,82
3091,133,93,5,21,5,999,2,999,37,82
3093,133,93,5,21,5,999,2,999,37,82
3100,134,94,5,21,5,15,6,999,37,82
3101,134,94,5,21,5,15,6,999,37,82
3102,134,94,5,21,5,15,6,999,37,82
3103,134,94,5,21,5,15,6,999,37,82
3110,135,95,5,21,5,15,6,999,37,82
3111,135,94,5,21,5,15,6,999,37,82
3112,135,96,5,21,5,15,6,999,37,82
3113,135,96,5,21,5,15,6,999,37,82
3120,136,97,999,4,999,15,7,1,38,83
3130,137,98,6,2,1,16,999,999,39,84
3131,137,98,6,2,1,16,999,999,39,84
3132,137,98,6,2,1,16,999,999,999,84
3133,137,98,6,2,1,16,999,999,39,84
3134,137,98,6,2,1,16,999,999,39,84
3140,138,98,6,999,1,999,999,999,39,999
3141,138,98,6,2,1,999,999,999,39,85
3142,138,99,6,2,1,16,999,999,39,84
3143,138,99,6,2,1,999,999,999,39,85
3144,138,99,6,2,1,16,999,999,39,84
3150,138,99,6,2,1,999,999,999,39,85
3151,138,99,6,2,1,999,999,999,39,85
3152,138,99,6,2,1,16,999,999,39,84
3153,138,99,6,2,1,999,999,999,39,85
3154,138,99,6,2,1,16,999,999,39,84
3155,138,99,6,2,1,16,999,999,39,84
3160,139,99,6,2,1,999,999,999,39,85
3161,139,99,6,2,1,16,999,999,39,84
3162,139,99,6,2,1,16,999,999,39,84
3163,139,99,6,2,1,16,999,999,39,84
3164,139,99,6,2,1,16,999,999,39,84
3165,139,99,6,2,1,16,999,999,39,84
3170,140,99,6,2,1,999,999,999,39,85
3171,140,99,6,2,1,16,999,999,39,84
3172,140,99,6,2,1,16,999,999,39,84
3173,140,99,6,2,1,999,999,999,39,85
3174,140,99,6,2,1,999,999,999,39,85
3175,140,99,6,2,1,16,999,999,39,84
3180,141,99,6,2,1,999,999,999,39,84
3181,141,99,6,2,1,999,999,999,39,85
3182,141,99,6,2,1,16,999,999,39,84
3183,141,98,6,2,1,999,999,999,39,85
3190,142,100,6,2,1,999,999,999,39,85
3191,143,999,6,2,1,999,999,999,39,85
3192,142,98,6,2,1,999,999,999,39,85
3193,142,98,6,2,1,999,999,999,39,85
3194,142,98,6,2,1,999,999,999,39,85
3195,142,98,6,2,1,999,999,999,39,85
3200,144,98,6,2,1,999,999,999,39,85
3201,144,98,6,2,1,999,999,999,39,85
3202,144,98,6,2,1,16,999,999,39,84
3203,144,98,6,2,1,16,999,999,39,84
3204,144,98,6,2,1,16,999,999,39,84
3205,144,98,6,2,1,999,999,999,39,85
3206,144,98,6,2,1,999,999,999,39,85
3210,145,98,6,2,1,999,999,999,39,85
3211,146,98,6,2,1,999,999,999,39,85
3212,146,98,6,2,1,999,999,999,39,85
3213,146,98,6,2,1,999,999,999,39,85
3214,146,98,6,2,1,999,999,999,39,85
3220,147,98,6,2,1,999,999,999,39,85
3221,147,98,6,2,1,999,999,999,39,85
3222,147,98,6,2,1,999,999,999,39,85
3223,147,98,6,2,1,999,999,999,39,85
3224,147,98,6,2,1,999,999,999,39,85
3225,147,98,6,2,1,999,999,999,39,85
3230,999,999,1,9,999,17,999,999,40,86
3231,999,999,1,9,999,17,999,999,40,86
3232,999,999,1,9,999,17,999,999,40,86
3240,148,101,7,4,1,999,999,1,41,87
3241,148,102,7,4,1,999,999,1,41,87
3242,148,101,7,4,1,999,999,1,41,87
3243,148,101,7,4,1,999,999,1,41,87
3250,149,103,7,4,1,999,999,1,41,88
3251,149,103,7,4,1,999,999,1,41,88
3252,149,104,7,4,1,999,999,1,41,88
3253,149,104,7,4,1,999,999,1,41,88
3260,150,105,7,4,1,999,999,1,41,88
3261,150,106,7,4,1,999,999,1,41,88
3262,150,106,7,4,1,999,999,1,41,88
3263,151,106,7,4,1,999,999,1,41,88
3264,151,106,7,4,1,999,999,1,41,88
3270,999,107,999,14,1,999,999,999,42,89
3271,999,999,999,14,1,999,999,999,42,89
3272,152,107,999,14,1,999,999,999,42,89
3273,999,999,999,14,1,999,999,999,42,89
3274,999,999,999,14,1,999,999,999,42,89
3281,153,108,999,2,1,999,8,999,43,90
3282,153,108,999,2,1,999,8,999,43,90
3283,154,108,999,2,1,999,999,999,43,90
3290,155,109,999,4,999,6,999,1,999,91
3291,155,110,999,4,999,6,999,1,999,91
3292,155,111,999,4,999,6,999,1,999,91
3293,155,111,999,4,999,6,999,1,999,91
3300,156,109,999,4,999,6,999,1,999,91
3301,156,110,999,4,999,6,999,1,999,91
3302,156,111,999,4,999,6,999,1,999,91
3303,156,111,999,4,999,6,999,1,999,91
3310,157,112,999,4,999,6,999,1,999,91
3311,157,110,999,4,999,6,999,1,999,91
3312,157,111,999,4,999,6,999,1,999,91
3313,157,111,999,4,999,6,999,1,999,91
3320,158,109,999,4,999,6,999,1,999,92
3321,158,110,999,4,999,6,999,1,999,92
3322,158,111,999,4,999,6,999,1,999,92
3323,158,111,999,4,999,6,999,1,999,92
3330,159,109,999,4,999,6,999,1,999,93
3331,159,111,999,4,999,6,999,1,999,93
3332,159,111,999,4,999,6,999,1,999,93
3340,160,113,8,22,999,17,999,999,44,94
3341,161,113,8,22,999,17,999,999,44,94
3350,999,999,999,23,999,18,999,999,999,95
3351,999,999,999,23,999,18,999,999,999,95
3360,162,114,999,2,1,6,999,1,45,96
3361,162,114,999,2,1,6,999,1,45,96
3370,163,114,999,2,1,6,999,1,45,96
3371,164,114,999,2,1,6,999,1,45,96
3380,165,115,999,2,999,6,999,999,999,97
3381,166,116,999,2,999,6,999,999,999,97
3390,167,999,999,2,999,6,999,999,999,97
3391,168,999,999,2,999,6,999,999,999,97
3392,169,999,999,2,999,6,999,999,999,97
3393,170,999,999,2,999,6,999,999,999,97
3395,171,999,999,2,999,6,999,999,999,97
4000,172,117,999,14,999,18,999,1,999,98
4001,172,117,999,14,999,18,999,1,999,98
4010,173,118,999,14,999,18,999,1,999,98
4011,173,118,999,14,999,18,999,1,999,98
4020,174,118,999,14,999,18,999,1,999,98
4021,174,118,999,14,999,18,999,1,999,98
4030,175,118,999,14,999,18,999,1,999,98
4031,175,118,999,14,999,18,999,1,999,98
4032,175,118,999,14,999,18,999,1,999,98
4033,175,118,999,14,999,18,999,1,999,98
4040,176,118,999,14,999,18,999,1,999,98
4041,176,118,999,14,999,18,999,1,999,98
4042,176,118,999,14,999,18,999,1,999,98
4043,176,118,999,14,999,18,999,1,999,98
4050,177,118,999,14,999,18,999,1,999,98
4051,177,118,999,14,999,18,999,1,999,98
4052,177,118,999,14,999,18,999,1,999,98
4060,999,999,999,14,999,18,999,1,999,98
4061,999,999,999,14,999,18,999,1,999,98
4062,999,999,999,14,999,18,999,1,999,98
4070,999,999,999,14,999,18,999,1,999,98
4071,999,999,999,14,999,18,999,1,999,98
4080,999,999,999,14,999,18,999,1,999,98
4081,999,999,999,14,999,18,999,1,999,98
4082,999,999,999,14,999,18,999,1,999,98
4090,178,999,999,14,999,18,999,1,999,98
4091,178,999,999,14,999,18,999,1,999,98
4092,178,999,999,14,999,18,999,1,999,98
4100,179,999,999,14,999,18,999,1,999,98
4101,179,999,999,14,999,18,999,1,999,98
4102,179,999,999,14,999,18,999,1,999,98
4110,999,999,999,14,999,18,999,1,999,98
4111,999,999,999,14,999,18,999,1,999,98
4112,999,999,999,14,999,18,999,1,999,98
4120,180,999,999,14,999,18,999,1,999,98
4121,180,999,999,14,999,18,999,1,999,98
4130,176,999,999,14,999,18,999,1,999,98
4131,176,999,999,14,999,18,999,1,999,98
4132,176,999,999,14,999,18,999,1,999,98
4140,181,999,999,14,999,18,999,1,999,98
4141,181,999,999,14,999,18,999,1,999,98
4142,181,999,999,14,999,18,999,1,999,98
4150,182,999,999,14,999,18,999,1,999,98
4151,182,999,999,14,999,18,999,1,999,98
4152,182,999,999,14,999,18,999,1,999,98
4160,183,999,999,14,999,18,999,1,999,98
4161,183,999,999,14,999,18,999,1,999,98
4162,183,999,999,14,999,18,999,1,999,98
4170,172,999,999,14,999,18,999,1,999,98
4171,172,999,999,14,999,18,999,1,999,98
4172,172,999,999,14,999,18,999,1,999,98
4180,172,999,999,14,999,18,999,1,999,98
4181,172,999,999,14,999,18,999,1,999,98
4182,172,999,999,14,999,18,999,1,999,98
4183,172,999,999,14,999,18,999,1,999,98
4190,999,119,999,5,999,7,999,999,999,99
4191,999,119,999,5,999,7,999,999,999,99
4192,999,119,999,5,999,7,999,999,999,99
4193,999,119,999,5,999,7,999,999,999,99
4194,999,119,999,5,999,7,999,999,999,99
4195,999,119,999,5,999,7,999,999,999,99
4200,999,119,999,5,999,7,999,999,999,100
4201,999,119,999,5,999,7,999,999,999,100
4202,999,119,999,5,999,7,999,999,999,100
4203,999,119,999,5,999,7,999,999,999,100
4204,999,119,999,5,999,7,999,999,999,100
4210,999,119,999,5,999,7,999,999,999,101
4211,999,119,999,5,999,7,999,999,999,101
4212,999,119,999,5,999,7,999,999,999,101
4213,999,119,999,5,999,7,999,999,999,101
4220,999,119,999,5,999,7,999,999,999,101
4221,999,119,999,5,999,7,999,999,999,101
4222,999,119,999,5,999,7,999,999,999,101
4223,999,119,999,5,999,7,999,999,999,101
4224,999,119,999,5,999,7,999,999,999,99
4230,999,119,999,5,999,7,999,999,999,99
4231,999,119,999,5,999,7,999,999,999,99
4232,999,119,999,5,999,7,999,999,999,99
4233,999,119,999,5,999,7,999,999,999,99
4234,999,119,999,5,999,7,999,999,999,99
4241,999,999,999,10,999,19,999,999,999,102
4242,999,999,999,10,999,17,999,999,999,102
4243,999,999,999,10,999,19,999,999,999,103
4251,999,999,999,10,999,19,999,999,999,104
4252,999,999,999,10,999,17,999,999,999,105
4253,999,999,999,10,999,19,999,999,999,106
4261,999,999,999,10,999,19,999,999,999,107
4262,999,999,999,10,999,19,999,999,999,108
4263,999,999,999,10,999,19,999,999,999,109
4271,999,999,999,10,999,19,999,999,999,110
4272,999,999,999,10,999,19,999,999,999,110
4273,999,999,999,10,999,19,999,999,999,111
4281,999,999,999,10,999,19,999,999,999,112
4282,999,999,999,10,999,19,999,999,999,113
4283,999,999,999,10,999,4,999,999,999,114
4284,999,999,999,10,999,18,999,999,999,115
4291,999,999,999,10,999,18,999,999,999,116
4310,999,999,999,9,999,18,999,999,999,117
4311,999,999,999,9,999,18,999,999,999,118
4340,999,999,999,9,999,18,999,999,999,119
4341,999,999,999,9,999,18,999,999,999,117
4390,999,999,999,9,999,18,999,999,999,120
4391,999,999,999,9,999,18,999,999,999,121
4410,999,999,999,9,999,18,999,999,999,117
4411,999,999,999,9,999,18,999,999,999,122
4412,999,999,999,9,999,18,999,999,999,121
4440,999,999,999,5,999,2,999,999,999,999
4441,999,999,999,5,999,2,999,999,999,999
4442,999,999,999,5,999,2,999,999,999,999
4443,999,999,999,5,999,2,999,999,999,999
4444,999,999,999,5,999,2,999,999,999,999
4445,999,999,999,5,999,2,999,999,46,123
4450,184,120,999,4,6,999,999,999,46,123
4460,184,121,1,999,1,999,999,999,47,999
4470,185,122,1,999,1,999,999,999,48,999
4480,184,122,1,999,1,999,999,999,48,999
4490,184,122,1,999,1,999,999,999,49,999
4500,184,121,1,999,1,999,999,999,47,999
4510,999,123,999,24,999,17,999,999,999,124
4511,999,123,999,24,999,5,999,999,999,125
4512,999,123,999,24,999,20,999,999,999,126
4514,999,123,999,24,999,9,999,999,999,127
4520,999,124,999,24,999,17,999,999,999,128
4521,999,124,999,24,999,5,999,999,999,129
4522,999,124,999,24,999,20,999,999,999,126
4523,999,124,999,24,999,17,999,999,999,130
4530,999,125,999,24,999,17,999,999,999,128
4531,999,125,999,24,999,5,999,999,999,129
4532,999,125,999,24,999,20,999,999,999,126
4533,999,125,999,24,999,17,999,999,999,124
4540,999,126,999,24,999,17,999,999,999,128
4541,999,126,999,24,999,5,999,999,999,129
4542,999,126,999,24,999,20,999,999,999,126
4543,999,126,999,24,999,17,999,999,999,124
4544,999,126,999,24,999,9,999,999,999,127
4550,186,127,999,23,999,21,999,999,999,131
4551,186,127,999,11,999,21,999,999,999,131
4552,186,127,999,11,999,21,999,999,999,131
4553,186,127,999,11,999,21,999,999,999,131
4560,186,127,999,23,999,21,999,999,999,131
4561,186,127,999,23,999,21,999,999,999,131
4562,186,127,999,23,999,21,999,999,999,131
4564,186,127,999,23,999,21,999,999,999,131
4570,187,128,999,23,999,21,6,999,999,131
4571,187,127,999,23,999,21,6,999,999,131
4572,187,127,999,23,999,21,6,999,999,131
4573,187,127,999,23,999,21,999,999,999,131
4574,187,127,999,23,999,21,999,999,999,131
4575,187,127,999,23,999,21,999,999,999,131
4580,186,127,999,23,999,21,999,999,999,131
4581,186,127,999,23,999,21,999,999,999,131
4582,186,127,999,23,999,21,6,999,999,131
4583,186,127,999,23,999,21,999,999,999,131
4590,188,129,999,4,999,6,999,999,50,132
4591,189,129,999,4,999,6,999,999,50,132
4592,190,129,999,4,999,6,999,999,50,132
4600,191,129,999,4,999,6,999,999,50,132
4601,192,129,999,4,999,6,999,999,50,132
4602,193,129,999,4,999,6,999,999,50,132
4610,194,129,999,4,999,6,999,999,50,132
4611,195,129,999,4,999,6,999,999,50,132
4612,196,129,999,4,999,6,999,999,50,132
4620,197,129,999,4,999,6,999,999,50,132
4621,198,129,999,4,999,6,999,999,50,132
4622,199,129,999,4,999,6,999,999,50,132
4650,200,999,999,2,999,7,999,8,999,133
4651,999,999,999,2,999,7,999,8,999,133
4660,999,999,999,2,999,7,999,8,999,133
4661,999,999,999,2,999,7,999,8,999,133
4670,999,999,999,2,999,7,999,8,999,133
4671,999,999,999,2,999,7,999,8,999,133
4672,999,999,999,2,999,7,999,8,999,133
4673,999,999,999,2,999,7,999,8,999,133
4680,201,999,999,2,999,7,999,8,999,133
4681,201,999,999,2,999,7,999,8,999,133
4690,202,130,999,10,999,22,999,999,999,134
4700,203,130,999,10,999,22,999,999,999,134
4710,203,130,999,10,999,22,999,999,999,999
4720,203,130,999,10,999,22,999,999,999,134
4750,204,131,999,25,999,13,999,999,999,135
4760,205,131,999,25,999,13,999,999,999,135
4770,204,131,999,25,999,13,999,999,999,135
4780,999,131,999,25,999,13,999,999,999,135
4790,204,131,999,25,999,13,999,999,999,135
4791,204,131,999,25,999,13,999,999,999,135
4800,206,131,999,25,999,13,999,999,999,135
4801,204,132,999,25,999,13,999,999,999,135
4810,207,133,999,25,999,13,999,999,999,135
4870,208,999,999,24,999,23,999,999,999,136
4880,209,999,999,20,999,5,999,999,999,137
4881,209,999,999,20,999,24,999,999,999,138
4890,999,999,999,10,999,24,999,999,999,139
4910,999,999,999,4,999,13,999,999,999,140
4920,210,134,999,4,999,14,999,999,999,141
4921,210,999,999,4,999,14,999,999,999,141
4922,210,999,999,4,999,14,999,999,999,141
4923,210,999,999,4,999,14,999,999,999,141
4940,211,999,999,10,999,24,999,999,999,142
4941,211,999,999,10,999,24,999,999,999,142
4950,212,999,999,5,999,25,999,999,999,143
4960,213,999,999,10,999,24,999,999,999,144
