code,particle_size,particle_fraction
1010,2.0,0.03
1010,50.0,0.17
1010,106.0,0.279
1010,250.0,0.735
1010,500.0,0.921
1010,1000.0,0.994
1010,2000.0,1.002
1011,2.0,0.03
1011,50.0,0.175
1011,106.0,0.295
1011,250.0,0.757
1011,500.0,0.927
1011,1000.0,0.995
1011,2000.0,1.004
1012,2.0,0.025
1012,50.0,0.175
1012,106.0,0.285
1012,250.0,0.734
1012,500.0,0.905
1012,1000.0,0.986
1012,2000.0,1.002
1013,2.0,0.02
1013,50.0,0.15
1013,106.0,0.286
1013,250.0,0.758
1013,500.0,0.92
1013,1000.0,0.991
1013,2000.0,1.002
1014,2.0,0.02
1014,50.0,0.13
1014,106.0,0.256
1014,250.0,0.743
1014,500.0,0.916
1014,1000.0,0.985
1014,2000.0,0.997
1015,2.0,0.06
1015,50.0,0.18
1015,106.0,0.307
1015,250.0,0.75
1015,500.0,0.917
1015,1000.0,0.983
1015,2000.0,0.99
1020,2.0,0.045
1020,50.0,0.1
1020,100.0,0.121
1020,250.0,0.173
1020,500.0,0.2
1020,1000.0,0.804
1020,2000.0,0.997
1021,2.0,0.06
1021,50.0,0.11
1021,100.0,0.15
1021,250.0,0.247
1021,500.0,0.28
1021,1000.0,0.908
1021,2000.0,1.003
1022,2.0,0.043
1022,50.0,0.107
1022,100.0,0.133
1022,250.0,0.204
1022,500.0,0.237
1022,1000.0,0.862
1022,2000.0,1.003
1023,2.0,0.02
1023,50.0,0.06
1023,100.0,0.08
1023,250.0,0.163
1023,500.0,0.216
1023,1000.0,0.771
1023,2000.0,1.002
1024,2.0,0.02
1024,50.0,0.05
1024,100.0,0.08
1024,250.0,0.215
1024,500.0,0.277
1024,1000.0,0.82
1024,2000.0,1.006
1030,2.0,0.073
1030,50.0,0.21
1030,100.0,0.303
1030,250.0,0.685
1030,500.0,0.914
1030,1000.0,0.993
1030,2000.0,1.0
1031,2.0,0.078
1031,50.0,0.21
1031,100.0,0.319
1031,250.0,0.692
1031,500.0,0.907
1031,1000.0,0.946
1031,2000.0,0.95
1032,2.0,0.078
1032,50.0,0.2
1032,100.0,0.307
1032,250.0,0.679
1032,500.0,0.89
1032,1000.0,0.896
1032,2000.0,0.91
1040,,
1041,2.0,0.02
1041,50.0,0.07
1041,125.0,0.232
1041,250.0,0.76
1041,500.0,0.925
1041,1000.0,0.988
1041,2000.0,0.992
1042,2.0,0.03
1042,50.0,0.04
1042,125.0,0.2
1042,250.0,0.756
1042,500.0,0.912
1042,1000.0,0.967
1042,2000.0,0.972
1043,2.0,0.03
1043,50.0,0.07
1043,125.0,0.225
1043,250.0,0.772
1043,500.0,0.952
1043,1000.0,1.017
1043,2000.0,1.023
1050,2.0,0.032
1050,50.0,0.078
1050,125.0,0.117
1050,250.0,0.216
1050,500.0,0.572
1050,1000.0,0.965
1050,2000.0,1.0
1051,2.0,0.082
1051,50.0,0.129
1051,125.0,0.149
1051,250.0,0.218
1051,500.0,0.51
1051,1000.0,0.95
1051,2000.0,1.0
1052,2.0,0.065
1052,50.0,0.091
1052,125.0,0.113
1052,250.0,0.175
1052,500.0,0.449
1052,1000.0,0.912
1052,2000.0,1.001
1053,2.0,0.037
1053,50.0,0.049
1053,125.0,0.058
1053,250.0,0.105
1053,500.0,0.366
1053,1000.0,0.886
1053,2000.0,1.0
1054,2.0,0.025
1054,50.0,0.028
1054,125.0,0.032
1054,250.0,0.065
1054,500.0,0.302
1054,1000.0,0.859
1054,2000.0,1.0
1060,2.0,0.02
1060,50.0,0.07
1060,125.0,0.112
1060,250.0,0.34
1060,500.0,0.725
1060,1000.0,0.972
1060,2000.0,1.0
1061,2.0,0.04
1061,50.0,0.09
1061,125.0,0.128
1061,250.0,0.34
1061,500.0,0.706
1061,1000.0,0.962
1061,2000.0,1.0
1062,2.0,0.07
1062,50.0,0.12
1062,125.0,0.147
1062,250.0,0.327
1062,500.0,0.679
1062,1000.0,0.951
1062,2000.0,1.0
1063,2.0,0.04
1063,50.0,0.07
1063,125.0,0.098
1063,250.0,0.307
1063,500.0,0.647
1063,1000.0,0.913
1063,2000.0,1.0
1070,2.0,0.022
1070,50.0,0.072
1070,125.0,0.14
1070,250.0,0.36
1070,500.0,0.599
1070,1000.0,0.882
1070,2000.0,1.0
1071,2.0,0.047
1071,50.0,0.082
1071,125.0,0.119
1071,250.0,0.297
1071,500.0,0.53
1071,1000.0,0.84
1071,2000.0,1.0
1072,2.0,0.053
1072,50.0,0.075
1072,125.0,0.109
1072,250.0,0.286
1072,500.0,0.485
1072,1000.0,0.773
1072,2000.0,1.0
1073,2.0,0.03
1073,50.0,0.036
1073,125.0,0.056
1073,250.0,0.187
1073,500.0,0.38
1073,1000.0,0.703
1073,2000.0,1.0
1074,2.0,0.025
1074,50.0,0.027
1074,125.0,0.049
1074,250.0,0.16
1074,500.0,0.371
1074,1000.0,0.723
1074,2000.0,1.0
1075,2.0,0.053
1075,50.0,0.059
1075,125.0,0.073
1075,250.0,0.186
1075,500.0,0.421
1075,1000.0,0.844
1075,2000.0,1.0
1080,2.0,0.07
1080,50.0,0.27
1080,2000.0,1.0
1081,2.0,0.07
1081,50.0,0.27
1081,2000.0,1.0
1082,2.0,0.07
1082,50.0,0.27
1082,2000.0,1.0
1083,2.0,0.07
1083,50.0,0.27
1083,2000.0,1.0
1084,2.0,0.07
1084,50.0,0.27
1084,2000.0,1.0
1085,2.0,0.07
1085,50.0,0.27
1085,2000.0,1.0
1086,2.0,0.07
1086,50.0,0.27
1086,2000.0,1.0
1087,2.0,0.07
1087,50.0,0.27
1087,2000.0,1.0
1090,2.0,0.05
1090,50.0,0.215
1090,125.0,0.349
1090,250.0,0.573
1090,500.0,0.814
1090,1000.0,0.971
1090,2000.0,1.0
1091,2.0,0.16
1091,50.0,0.33
1091,125.0,0.405
1091,250.0,0.564
1091,500.0,0.782
1091,1000.0,0.977
1091,2000.0,1.0
1092,2.0,0.28
1092,50.0,0.425
1092,125.0,0.486
1092,250.0,0.62
1092,500.0,0.789
1092,1000.0,0.954
1092,2000.0,1.0
1100,2.0,0.053
1100,50.0,0.112
1100,125.0,0.169
1100,250.0,0.397
1100,500.0,0.75
1100,1000.0,0.985
1100,2000.0,1.001
1101,2.0,0.114
1101,50.0,0.197
1101,125.0,0.249
1101,250.0,0.477
1101,500.0,0.795
1101,1000.0,0.987
1101,2000.0,0.999
1102,2.0,0.223
1102,50.0,0.303
1102,125.0,0.35
1102,250.0,0.556
1102,500.0,0.819
1102,1000.0,0.991
1102,2000.0,1.0
1103,2.0,0.291
1103,50.0,0.348
1103,125.0,0.383
1103,250.0,0.566
1103,500.0,0.835
1103,1000.0,0.989
1103,2000.0,0.999
1104,2.0,0.297
1104,50.0,0.319
1104,125.0,0.347
1104,250.0,0.516
1104,500.0,0.824
1104,1000.0,0.995
1104,2000.0,1.0
1110,2.0,0.011
1110,50.0,0.116
1110,125.0,0.19
1110,250.0,0.574
1110,500.0,0.878
1110,1000.0,0.99
1110,2000.0,1.001
1111,2.0,0.021
1111,50.0,0.163
1111,125.0,0.231
1111,250.0,0.597
1111,500.0,0.881
1111,1000.0,0.986
1111,2000.0,0.998
1112,2.0,0.179
1112,50.0,0.332
1112,125.0,0.39
1112,250.0,0.692
1112,500.0,0.907
1112,1000.0,0.988
1112,2000.0,1.0
1113,2.0,0.274
1113,50.0,0.368
1113,125.0,0.427
1113,250.0,0.687
1113,500.0,0.889
1113,1000.0,0.976
1113,2000.0,1.001
1114,2.0,0.268
1114,50.0,0.378
1114,125.0,0.436
1114,250.0,0.692
1114,500.0,0.893
1114,1000.0,0.974
1114,2000.0,1.0
1115,2.0,0.315
1115,50.0,0.447
1115,125.0,0.51
1115,250.0,0.748
1115,500.0,0.917
1115,1000.0,0.986
1115,2000.0,1.0
1116,2.0,0.282
1116,50.0,0.401
1116,125.0,0.494
1116,250.0,0.738
1116,500.0,0.898
1116,1000.0,0.983
1116,2000.0,1.0
1117,2.0,0.243
1117,50.0,0.338
1117,125.0,0.42
1117,250.0,0.661
1117,500.0,0.84
1117,1000.0,0.958
1117,2000.0,1.007
1120,2.0,0.086
1120,50.0,0.386
1120,106.0,0.508
1120,250.0,0.819
1120,500.0,0.986
1120,1000.0,0.999
1120,2000.0,1.0
1121,2.0,0.181
1121,50.0,0.45
1121,106.0,0.577
1121,250.0,0.855
1121,500.0,0.986
1121,1000.0,0.997
1121,2000.0,1.0
1122,2.0,0.269
1122,50.0,0.535
1122,106.0,0.638
1122,250.0,0.876
1122,500.0,0.986
1122,1000.0,0.997
1122,2000.0,0.999
1123,2.0,0.318
1123,50.0,0.654
1123,106.0,0.728
1123,250.0,0.891
1123,500.0,0.987
1123,1000.0,0.998
1123,2000.0,0.999
1130,2.0,0.067
1130,50.0,0.289
1130,125.0,0.394
1130,250.0,0.664
1130,500.0,0.874
1130,1000.0,0.985
1130,2000.0,0.999
1131,2.0,0.075
1131,50.0,0.292
1131,125.0,0.469
1131,250.0,0.642
1131,500.0,0.881
1131,1000.0,0.98
1131,2000.0,1.0
1132,2.0,0.215
1132,50.0,0.422
1132,125.0,0.519
1132,250.0,0.715
1132,500.0,0.886
1132,1000.0,0.982
1132,2000.0,1.0
1133,2.0,0.286
1133,50.0,0.439
1133,125.0,0.52
1133,250.0,0.722
1133,500.0,0.882
1133,1000.0,0.978
1133,2000.0,1.0
1134,2.0,0.405
1134,50.0,0.511
1134,125.0,0.593
1134,250.0,0.754
1134,500.0,0.899
1134,1000.0,0.979
1134,2000.0,0.999
1135,2.0,0.41
1135,50.0,0.5
1135,125.0,0.567
1135,250.0,0.745
1135,500.0,0.878
1135,1000.0,0.96
1135,2000.0,0.998
1140,2.0,0.02
1140,50.0,0.08
1140,125.0,0.186
1140,250.0,0.58
1140,500.0,0.858
1140,1000.0,0.98
1140,2000.0,1.007
1141,2.0,0.02
1141,50.0,0.1
1141,125.0,0.209
1141,250.0,0.6
1141,500.0,0.864
1141,1000.0,0.979
1141,2000.0,1.0
1142,2.0,0.03
1142,50.0,0.13
1142,125.0,0.247
1142,250.0,0.615
1142,500.0,0.864
1142,1000.0,0.977
1142,2000.0,0.999
1143,2.0,0.1
1143,50.0,0.19
1143,125.0,0.297
1143,250.0,0.6
1143,500.0,0.85
1143,1000.0,0.968
1143,2000.0,1.003
1150,2.0,0.102
1150,50.0,0.199
1150,125.0,0.425
1150,250.0,0.827
1150,500.0,0.967
1150,1000.0,0.997
1150,2000.0,1.0
1151,2.0,0.068
1151,50.0,0.159
1151,125.0,0.391
1151,250.0,0.881
1151,500.0,0.977
1151,1000.0,0.999
1151,2000.0,1.002
1152,2.0,0.247
1152,50.0,0.32
1152,125.0,0.479
1152,250.0,0.856
1152,500.0,0.964
1152,1000.0,0.994
1152,2000.0,1.0
1160,2.0,0.08
1160,50.0,0.21
1160,105.0,0.266
1160,250.0,0.424
1160,500.0,0.679
1160,1000.0,0.915
1160,2000.0,1.001
1161,2.0,0.18
1161,50.0,0.36
1161,105.0,0.412
1161,250.0,0.542
1161,500.0,0.731
1161,1000.0,0.908
1161,2000.0,0.991
1162,2.0,0.49
1162,50.0,0.62
1162,105.0,0.654
1162,250.0,0.714
1162,500.0,0.82
1162,1000.0,0.936
1162,2000.0,0.992
1163,2.0,0.47
1163,50.0,0.59
1163,105.0,0.634
1163,250.0,0.708
1163,500.0,0.808
1163,1000.0,0.928
1163,2000.0,0.996
1164,2.0,0.32
1164,50.0,0.5
1164,105.0,0.567
1164,250.0,0.655
1164,500.0,0.763
1164,1000.0,0.913
1164,2000.0,0.997
1165,2.0,0.25
1165,50.0,0.44
1165,105.0,0.508
1165,250.0,0.597
1165,500.0,0.712
1165,1000.0,0.882
1165,2000.0,0.991
1166,2.0,0.2
1166,50.0,0.39
1166,105.0,0.463
1166,250.0,0.575
1166,500.0,0.721
1166,1000.0,0.9
1166,2000.0,0.98
1170,2.0,0.069
1170,50.0,0.269
1170,2000.0,1.0
1171,2.0,0.212
1171,50.0,0.392
1171,2000.0,1.0
1172,2.0,0.387
1172,50.0,0.583
1172,2000.0,1.0
1173,2.0,0.39
1173,50.0,0.62
1173,2000.0,0.999
1174,2.0,0.359
1174,50.0,0.47
1174,2000.0,1.0
1180,2.0,0.38
1180,50.0,0.6
1180,2000.0,1.0
1181,2.0,0.48
1181,50.0,0.7
1181,2000.0,1.0
1182,2.0,0.54
1182,50.0,0.67
1182,2000.0,1.0
1183,2.0,0.32
1183,50.0,0.5
1183,2000.0,1.0
1184,2.0,0.33
1184,50.0,0.53
1184,2000.0,1.0
1190,2.0,0.22
1190,50.0,0.68
1190,100.0,0.879
1190,250.0,0.993
1190,500.0,0.996
1190,1000.0,0.998
1190,2000.0,0.999
1191,2.0,0.357
1191,50.0,0.76
1191,100.0,0.904
1191,250.0,0.986
1191,500.0,0.99
1191,1000.0,0.995
1191,2000.0,0.998
1192,2.0,0.395
1192,50.0,0.755
1192,100.0,0.887
1192,250.0,0.996
1192,500.0,0.997
1192,1000.0,0.998
1192,2000.0,1.0
1193,2.0,0.34
1193,50.0,0.657
1193,100.0,0.824
1193,250.0,0.991
1193,500.0,0.994
1193,1000.0,0.996
1193,2000.0,1.0
1194,2.0,0.357
1194,50.0,0.64
1194,100.0,0.816
1194,250.0,0.992
1194,500.0,0.994
1194,1000.0,0.996
1194,2000.0,0.998
1200,2.0,0.145
1200,50.0,0.393
1200,125.0,0.592
1200,250.0,0.854
1200,500.0,0.99
1200,1000.0,0.997
1200,2000.0,0.998
1201,2.0,0.238
1201,50.0,0.473
1201,125.0,0.614
1201,250.0,0.856
1201,500.0,0.991
1201,1000.0,0.997
1201,2000.0,0.998
1202,2.0,0.18
1202,50.0,0.353
1202,125.0,0.499
1202,250.0,0.817
1202,500.0,0.987
1202,1000.0,0.998
1202,2000.0,0.998
1203,2.0,0.08
1203,50.0,0.197
1203,125.0,0.365
1203,250.0,0.758
1203,500.0,0.984
1203,1000.0,0.995
1203,2000.0,0.995
1204,2.0,0.13
1204,50.0,0.223
1204,125.0,0.381
1204,250.0,0.759
1204,500.0,0.986
1204,1000.0,0.999
1204,2000.0,0.999
1210,2.0,0.127
1210,50.0,0.433
1210,125.0,0.801
1210,250.0,0.95
1210,500.0,0.992
1210,1000.0,0.995
1210,2000.0,0.995
1211,2.0,0.195
1211,50.0,0.503
1211,125.0,0.841
1211,250.0,0.968
1211,500.0,0.997
1211,1000.0,0.999
1211,2000.0,0.999
1212,2.0,0.212
1212,50.0,0.518
1212,125.0,0.841
1212,250.0,0.963
1212,500.0,0.993
1212,1000.0,0.997
1212,2000.0,0.998
1213,2.0,0.337
1213,50.0,0.677
1213,125.0,0.888
1213,250.0,0.967
1213,500.0,0.991
1213,1000.0,0.995
1213,2000.0,1.0
1220,,
1221,,
1222,,
1223,,
1224,,
1225,,
1230,,
1231,,
1232,,
1233,,
1234,,
1235,,
1236,,
1237,,
1240,1.0,0.012
1240,4.0,0.013
1240,5.0,0.017
1240,7.0,0.017
1240,9.0,0.024
1240,16.0,0.029
1240,30.0,0.035
1240,51.0,0.037
1240,53.0,0.037
1240,75.0,0.042
1240,110.0,0.053
1240,250.0,0.105
1240,500.0,0.377
1240,1000.0,0.868
1240,2000.0,0.972
1241,1.0,0.013
1241,4.0,0.013
1241,5.0,0.017
1241,7.0,0.018
1241,9.0,0.023
1241,16.0,0.031
1241,30.0,0.036
1241,51.0,0.038
1241,53.0,0.039
1241,75.0,0.044
1241,110.0,0.055
1241,250.0,0.103
1241,500.0,0.373
1241,1000.0,0.864
1241,2000.0,0.975
1260,1.0,0.12
1260,4.0,0.159
1260,5.0,0.168
1260,6.0,0.19
1260,8.0,0.226
1260,15.0,0.302
1260,27.0,0.4
1260,44.0,0.555
1260,53.0,0.586
1260,75.0,0.696
1260,110.0,0.83
1260,250.0,0.946
1260,500.0,0.974
1260,1000.0,0.995
1260,2000.0,0.999
1261,1.0,0.111
1261,4.0,0.153
1261,5.0,0.164
1261,6.0,0.187
1261,8.0,0.234
1261,15.0,0.315
1261,27.0,0.428
1261,44.0,0.603
1261,53.0,0.633
1261,75.0,0.774
1261,110.0,0.905
1261,250.0,0.974
1261,500.0,0.988
1261,1000.0,0.999
1261,2000.0,0.999
1270,,
1280,2.0,0.136
1280,6.0,0.181
1280,20.0,0.334
1280,63.0,0.935
1280,200.0,0.987
1280,630.0,0.999
1280,2000.0,1.0
1281,2.0,0.193
1281,6.0,0.268
1281,20.0,0.465
1281,63.0,0.976
1281,200.0,0.993
1281,630.0,0.999
1281,2000.0,1.0
1282,2.0,0.247
1282,6.0,0.333
1282,20.0,0.436
1282,63.0,0.977
1282,200.0,0.996
1282,630.0,1.0
1282,2000.0,1.0
1290,2.0,0.043
1290,63.0,0.112
1290,2000.0,1.0
1300,2.0,0.314
1300,50.0,0.612
1300,2000.0,1.0
1301,2.0,0.314
1301,50.0,0.612
1301,2000.0,1.0
1310,2.0,0.02
1310,50.0,0.044
1310,2000.0,1.0
1320,2.0,0.545
1320,20.0,0.86
1320,63.0,0.954
1320,200.0,0.985
1320,630.0,0.996
1320,2000.0,0.999
1330,2.0,0.092
1330,63.0,0.964
1330,2000.0,1.0
1331,2.0,0.23
1331,63.0,0.98
1331,2000.0,1.0
1340,2.0,0.162
1340,6.0,0.206
1340,20.0,0.36
1340,60.0,0.83
1340,200.0,0.927
1340,600.0,0.995
1340,2000.0,1.0
1341,2.0,0.156
1341,6.0,0.201
1341,20.0,0.375
1341,60.0,0.884
1341,200.0,0.948
1341,600.0,0.998
1341,2000.0,1.0
1342,2.0,0.163
1342,6.0,0.202
1342,20.0,0.403
1342,60.0,0.9
1342,200.0,0.955
1342,600.0,0.997
1342,2000.0,1.0
1350,2.0,0.17
1350,6.0,0.215
1350,20.0,0.38
1350,60.0,0.813
1350,200.0,0.922
1350,600.0,0.986
1350,2000.0,1.0
1351,2.0,0.17
1351,6.0,0.213
1351,20.0,0.375
1351,60.0,0.845
1351,200.0,0.929
1351,600.0,0.99
1351,2000.0,1.0
1352,2.0,0.174
1352,6.0,0.22
1352,20.0,0.394
1352,60.0,0.857
1352,200.0,0.925
1352,600.0,0.995
1352,2000.0,1.0
1360,2.0,0.435
1360,6.0,0.509
1360,20.0,0.678
1360,63.0,0.873
1360,200.0,0.974
1360,630.0,0.995
1360,2000.0,1.0
1361,2.0,0.403
1361,6.0,0.516
1361,20.0,0.64
1361,63.0,0.876
1361,200.0,0.988
1361,630.0,0.999
1361,2000.0,1.0
1362,2.0,0.322
1362,6.0,0.438
1362,20.0,0.582
1362,63.0,0.85
1362,200.0,0.986
1362,630.0,0.999
1362,2000.0,1.0
1370,2.0,0.259
1370,6.0,0.376
1370,20.0,0.465
1370,63.0,0.576
1370,200.0,0.804
1370,630.0,0.974
1370,2000.0,1.0
1371,2.0,0.339
1371,6.0,0.422
1371,20.0,0.504
1371,63.0,0.882
1371,200.0,0.931
1371,630.0,0.991
1371,2000.0,1.0
1372,2.0,0.351
1372,6.0,0.45
1372,20.0,0.553
1372,63.0,0.902
1372,200.0,0.947
1372,630.0,0.996
1372,2000.0,1.0
1380,2.0,0.078
1380,6.0,0.118
1380,20.0,0.206
1380,63.0,0.577
1380,200.0,0.774
1380,630.0,0.987
1380,2000.0,1.0
1381,2.0,0.112
1381,6.0,0.155
1381,20.0,0.237
1381,63.0,0.542
1381,200.0,0.74
1381,630.0,0.975
1381,2000.0,1.0
1382,2.0,0.268
1382,6.0,0.316
1382,20.0,0.4
1382,63.0,0.509
1382,200.0,0.785
1382,630.0,0.978
1382,2000.0,1.0
1383,2.0,0.407
1383,6.0,0.622
1383,20.0,0.819
1383,63.0,0.961
1383,200.0,0.994
1383,630.0,0.999
1383,2000.0,1.0
1390,2.0,0.066
1390,63.0,0.424
1390,2000.0,1.0
1391,2.0,0.066
1391,63.0,0.424
1391,2000.0,1.0
1392,2.0,0.066
1392,63.0,0.424
1392,2000.0,1.0
1400,2.0,0.581
1400,6.0,0.733
1400,20.0,0.858
1400,63.0,0.981
1400,200.0,0.999
1400,630.0,1.0
1400,2000.0,1.0
1410,250.0,0.0
1410,500.0,1.0
1420,2.0,0.32
1420,50.0,0.8
1420,2000.0,1.0
1430,2.0,0.038
1430,6.0,0.039
1430,20.0,0.084
1430,63.0,0.388
1430,200.0,0.829
1430,630.0,0.971
1430,2000.0,0.997
1440,2.0,0.186
1440,6.0,0.228
1440,20.0,0.299
1440,63.0,0.436
1440,200.0,0.786
1440,630.0,0.938
1440,2000.0,1.0
1450,2.0,0.147
1450,6.0,0.206
1450,20.0,0.248
1450,63.0,0.409
1450,200.0,0.829
1450,630.0,0.971
1450,2000.0,0.997
1460,2.0,0.012
1460,6.0,0.014
1460,20.0,0.02
1460,63.0,0.022
1460,100.0,0.026
1460,200.0,0.059
1460,630.0,0.707
1460,2000.0,1.0
1461,2.0,0.003
1461,6.0,0.006
1461,20.0,0.008
1461,63.0,0.01
1461,100.0,0.014
1461,200.0,0.05
1461,630.0,0.707
1461,2000.0,1.0
1462,2.0,0.016
1462,6.0,0.021
1462,20.0,0.029
1462,63.0,0.036
1462,100.0,0.045
1462,200.0,0.205
1462,630.0,0.985
1462,2000.0,1.0
1463,2.0,0.011
1463,6.0,0.011
1463,20.0,0.02
1463,63.0,0.031
1463,100.0,0.062
1463,200.0,0.171
1463,630.0,0.999
1463,2000.0,1.0
1464,2.0,0.026
1464,6.0,0.026
1464,20.0,0.061
1464,63.0,0.072
1464,100.0,0.095
1464,200.0,0.488
1464,630.0,0.997
1464,2000.0,1.0
1465,2.0,0.032
1465,6.0,0.042
1465,20.0,0.074
1465,63.0,0.21
1465,100.0,0.474
1465,200.0,0.872
1465,630.0,0.986
1465,2000.0,1.0
1466,2.0,0.014
1466,6.0,0.014
1466,20.0,0.017
1466,63.0,0.109
1466,100.0,0.509
1466,200.0,0.973
1466,630.0,1.0
1466,2000.0,1.0
1467,2.0,0.05
1467,6.0,0.065
1467,20.0,0.089
1467,63.0,0.122
1467,100.0,0.127
1467,200.0,0.28
1467,630.0,0.83
1467,2000.0,1.0
1480,,
1481,,
1482,,
1490,2.0,0.158
1490,6.0,0.233
1490,20.0,0.431
1490,63.0,0.956
1490,200.0,0.997
1490,630.0,1.0
1490,2000.0,1.0
2000,2.0,0.219
2000,6.0,0.263
2000,20.0,0.399
2000,60.0,0.825
2000,200.0,0.938
2000,600.0,0.998
2000,2000.0,1.0
2001,2.0,0.235
2001,6.0,0.272
2001,20.0,0.474
2001,60.0,0.926
2001,200.0,0.978
2001,600.0,0.999
2001,2000.0,1.0
2002,2.0,0.249
2002,6.0,0.28
2002,20.0,0.5
2002,60.0,0.953
2002,200.0,0.988
2002,600.0,0.999
2002,2000.0,1.0
2010,2.0,0.253
2010,6.0,0.296
2010,20.0,0.442
2010,60.0,0.826
2010,200.0,0.942
2010,600.0,0.997
2010,2000.0,1.0
2011,2.0,0.256
2011,6.0,0.284
2011,20.0,0.448
2011,60.0,0.854
2011,200.0,0.971
2011,600.0,0.999
2011,2000.0,1.0
2012,2.0,0.254
2012,6.0,0.284
2012,20.0,0.37
2012,60.0,0.87
2012,200.0,0.986
2012,600.0,0.999
2012,2000.0,1.0
2020,2.0,0.62
2020,50.0,0.956
2020,2000.0,1.0
2021,2.0,0.62
2021,50.0,0.956
2021,2000.0,1.0
2022,2.0,0.62
2022,50.0,0.956
2022,2000.0,1.0
2030,,
2031,,
2032,,
2040,,
2041,,
2050,,
2051,,
2060,,
2061,,
2070,,
2071,,
2080,,
2081,,
2090,,
2091,,
2092,,
2100,0.0,0.025
2100,2.0,0.041
2100,20.0,0.05
2100,50.0,0.076
2100,100.0,0.25
2100,250.0,0.693
2100,500.0,0.951
2100,1000.0,1.0
2100,2000.0,1.0
2101,0.0,0.043
2101,2.0,0.07
2101,20.0,0.084
2101,50.0,0.126
2101,100.0,0.281
2101,250.0,0.675
2101,500.0,0.938
2101,1000.0,0.998
2101,2000.0,1.0
2102,0.0,0.054
2102,2.0,0.105
2102,20.0,0.106
2102,50.0,0.148
2102,100.0,0.283
2102,250.0,0.673
2102,500.0,0.94
2102,1000.0,0.999
2102,2000.0,1.0
2103,0.0,0.057
2103,2.0,0.101
2103,20.0,0.108
2103,50.0,0.16
2103,100.0,0.296
2103,250.0,0.68
2103,500.0,0.941
2103,1000.0,0.999
2103,2000.0,1.0
2104,0.0,0.044
2104,2.0,0.086
2104,20.0,0.101
2104,50.0,0.125
2104,100.0,0.272
2104,250.0,0.689
2104,500.0,0.948
2104,1000.0,0.999
2104,2000.0,1.0
2105,0.0,0.042
2105,2.0,0.083
2105,20.0,0.096
2105,50.0,0.128
2105,100.0,0.274
2105,250.0,0.711
2105,500.0,0.953
2105,1000.0,0.999
2105,2000.0,1.0
2110,2.0,0.04
2110,50.0,0.22
2110,125.0,0.367
2110,250.0,0.659
2110,500.0,0.901
2110,1000.0,0.981
2110,2000.0,0.994
2111,2.0,0.07
2111,50.0,0.27
2111,125.0,0.423
2111,250.0,0.663
2111,500.0,0.894
2111,1000.0,0.989
2111,2000.0,0.999
2120,2.0,0.03
2120,50.0,0.09
2120,2000.0,1.0
2121,2.0,0.03
2121,50.0,0.08
2121,2000.0,1.0
2122,2.0,0.07
2122,50.0,0.13
2122,2000.0,1.0
2123,2.0,0.07
2123,50.0,0.12
2123,2000.0,1.0
2124,2.0,0.05
2124,50.0,0.1
2124,2000.0,1.0
2125,2.0,0.05
2125,50.0,0.08
2125,2000.0,1.0
2126,2.0,0.03
2126,50.0,0.05
2126,2000.0,0.99
2130,2.0,0.08
2130,50.0,0.29
2130,2000.0,1.0
2131,2.0,0.13
2131,50.0,0.29
2131,2000.0,1.0
2132,2.0,0.14
2132,50.0,0.32
2132,2000.0,1.0
2140,,
2141,,
2150,,
2151,,
2160,2.0,0.258
2160,20.0,0.709
2160,200.0,0.973
2160,2000.0,1.0
2161,2.0,0.156
2161,20.0,0.763
2161,200.0,0.987
2161,2000.0,1.0
2170,2.0,0.22
2170,20.0,0.74
2170,2000.0,1.0
2171,2.0,0.36
2171,20.0,0.75
2171,2000.0,1.0
2180,2.0,0.41
2180,20.0,0.85
2180,2000.0,1.0
2181,2.0,0.49
2181,20.0,0.88
2181,2000.0,1.0
2190,2.0,0.03
2190,50.0,0.08
2190,2000.0,1.0
2191,2.0,0.03
2191,50.0,0.08
2191,2000.0,1.0
2192,2.0,0.03
2192,50.0,0.08
2192,2000.0,1.0
2193,2.0,0.03
2193,50.0,0.08
2193,2000.0,1.0
2194,2.0,0.03
2194,50.0,0.08
2194,2000.0,1.0
2195,2.0,0.03
2195,50.0,0.08
2195,2000.0,1.0
2196,2.0,0.03
2196,50.0,0.08
2196,2000.0,1.0
2197,2.0,0.03
2197,50.0,0.08
2197,2000.0,1.0
2198,2.0,0.03
2198,50.0,0.08
2198,2000.0,1.0
2200,2.0,0.02
2200,50.0,0.028
2200,100.0,0.054
2200,250.0,0.194
2200,500.0,0.564
2200,1000.0,0.967
2200,2000.0,1.0
2201,2.0,0.02
2201,50.0,0.028
2201,100.0,0.054
2201,250.0,0.194
2201,500.0,0.564
2201,1000.0,0.967
2201,2000.0,1.0
2202,2.0,0.02
2202,50.0,0.028
2202,100.0,0.054
2202,250.0,0.194
2202,500.0,0.564
2202,1000.0,0.967
2202,2000.0,1.0
2203,2.0,0.02
2203,50.0,0.028
2203,100.0,0.054
2203,250.0,0.194
2203,500.0,0.564
2203,1000.0,0.967
2203,2000.0,1.0
2210,2.0,0.038
2210,5.0,0.044
2210,20.0,0.053
2210,53.0,0.075
2210,106.0,0.167
2210,180.0,0.32
2210,250.0,0.49
2210,500.0,0.86
2210,1000.0,0.98
2211,2.0,0.038
2211,5.0,0.044
2211,20.0,0.053
2211,53.0,0.075
2211,106.0,0.167
2211,180.0,0.32
2211,250.0,0.49
2211,500.0,0.86
2211,1000.0,0.98
2212,2.0,0.038
2212,5.0,0.044
2212,20.0,0.053
2212,53.0,0.075
2212,106.0,0.167
2212,180.0,0.32
2212,250.0,0.49
2212,500.0,0.86
2212,1000.0,0.98
2213,2.0,0.038
2213,5.0,0.044
2213,20.0,0.053
2213,53.0,0.075
2213,106.0,0.167
2213,180.0,0.32
2213,250.0,0.49
2213,500.0,0.86
2213,1000.0,0.98
2214,2.0,0.038
2214,5.0,0.044
2214,20.0,0.053
2214,53.0,0.075
2214,106.0,0.167
2214,180.0,0.32
2214,250.0,0.49
2214,500.0,0.86
2214,1000.0,0.98
2215,2.0,0.038
2215,5.0,0.044
2215,20.0,0.053
2215,53.0,0.075
2215,106.0,0.167
2215,180.0,0.32
2215,250.0,0.49
2215,500.0,0.86
2215,1000.0,0.98
2216,2.0,0.038
2216,5.0,0.044
2216,20.0,0.053
2216,53.0,0.075
2216,106.0,0.167
2216,180.0,0.32
2216,250.0,0.49
2216,500.0,0.86
2216,1000.0,0.98
2217,2.0,0.038
2217,5.0,0.044
2217,20.0,0.053
2217,53.0,0.075
2217,106.0,0.167
2217,180.0,0.32
2217,250.0,0.49
2217,500.0,0.86
2217,1000.0,0.98
2220,53.0,0.167
2220,61.0,0.24
2220,75.0,0.335
2220,106.0,0.412
2220,124.0,0.467
2220,147.0,0.52
2220,175.0,0.587
2220,246.0,0.67
2220,425.0,0.728
2220,500.0,0.774
2220,701.0,0.814
2220,841.0,0.843
2220,991.0,0.893
2220,2000.0,0.931
2220,2360.0,0.958
2220,3350.0,1.0
2221,53.0,0.095
2221,61.0,0.142
2221,75.0,0.208
2221,106.0,0.265
2221,124.0,0.309
2221,147.0,0.353
2221,175.0,0.414
2221,246.0,0.494
2221,425.0,0.559
2221,500.0,0.616
2221,701.0,0.67
2221,841.0,0.71
2221,991.0,0.787
2221,2000.0,0.853
2221,2360.0,0.906
2221,3350.0,1.0
2230,,
2231,,
2232,,
2240,5.0,0.15
2240,50.0,0.68
2240,1000.0,1.0
2241,5.0,0.15
2241,50.0,0.68
2241,1000.0,1.0
2242,5.0,0.15
2242,50.0,0.68
2242,1000.0,1.0
2243,5.0,0.15
2243,50.0,0.68
2243,1000.0,1.0
2250,5.0,0.04
2250,50.0,0.1
2250,1000.0,1.0
2251,5.0,0.04
2251,50.0,0.1
2251,1000.0,1.0
2252,5.0,0.04
2252,50.0,0.1
2252,1000.0,1.0
2253,5.0,0.04
2253,50.0,0.1
2253,1000.0,1.0
2260,5.0,0.13
2260,50.0,0.27
2260,2000.0,1.0
2261,5.0,0.13
2261,50.0,0.27
2261,2000.0,1.0
2262,5.0,0.13
2262,50.0,0.27
2262,2000.0,1.0
2270,5.0,0.3
2270,50.0,0.56
2270,1000.0,1.0
2271,5.0,0.3
2271,50.0,0.56
2271,1000.0,1.0
2272,5.0,0.3
2272,50.0,0.56
2272,1000.0,1.0
2273,5.0,0.3
2273,50.0,0.56
2273,1000.0,1.0
2280,5.0,0.21
2280,50.0,0.45
2280,1000.0,1.0
2281,5.0,0.21
2281,50.0,0.45
2281,1000.0,1.0
2282,5.0,0.21
2282,50.0,0.45
2282,1000.0,1.0
2283,5.0,0.21
2283,50.0,0.45
2283,1000.0,1.0
2290,5.0,0.16
2290,50.0,0.2
2290,2000.0,1.0
2291,5.0,0.16
2291,50.0,0.2
2291,2000.0,1.0
2292,5.0,0.16
2292,50.0,0.2
2292,2000.0,1.0
2293,5.0,0.16
2293,50.0,0.2
2293,2000.0,1.0
2300,5.0,0.16
2300,50.0,0.36
2300,2000.0,1.0
2301,5.0,0.16
2301,50.0,0.36
2301,2000.0,1.0
2302,5.0,0.16
2302,50.0,0.34
2302,2000.0,1.0
2303,5.0,0.16
2303,50.0,0.34
2303,2000.0,1.0
2304,5.0,0.18
2304,50.0,0.36
2304,2000.0,1.0
2305,5.0,0.18
2305,50.0,0.36
2305,2000.0,1.0
2306,5.0,0.16
2306,50.0,0.34
2306,2000.0,1.0
2307,5.0,0.16
2307,50.0,0.34
2307,2000.0,1.0
2310,45.0,0.0
2310,85.0,0.02
2310,125.0,0.07
2310,250.0,0.38
2310,500.0,0.9
2310,1000.0,1.0
2320,2.0,0.15
2320,6.0,0.21
2320,20.0,0.41
2320,63.0,0.67
2320,200.0,0.8
2320,630.0,0.95
2320,2000.0,1.0
2321,2.0,0.2
2321,6.0,0.25
2321,20.0,0.39
2321,63.0,0.63
2321,200.0,0.83
2321,630.0,0.95
2321,2000.0,1.0
2330,,
2331,,
2332,,
2333,,
2334,63.0,0.02
2334,200.0,0.19
2334,630.0,0.92
2334,2000.0,1.0
2340,2.0,0.49
2340,6.0,0.56
2340,20.0,0.64
2340,63.0,0.65
2340,200.0,0.79
2340,630.0,0.98
2340,2000.0,1.0
2341,2.0,0.3
2341,6.0,0.38
2341,20.0,0.46
2341,63.0,0.53
2341,200.0,0.71
2341,630.0,0.99
2341,2000.0,1.0
2342,2.0,0.0
2342,6.0,0.0
2342,20.0,0.01
2342,63.0,0.03
2342,200.0,0.33
2342,630.0,0.95
2342,2000.0,1.0
2350,2.0,0.45
2350,6.0,0.48
2350,20.0,0.66
2350,63.0,0.93
2350,200.0,0.97
2350,630.0,0.99
2350,2000.0,1.0
2351,2.0,0.16
2351,6.0,0.34
2351,20.0,0.47
2351,63.0,0.8
2351,200.0,0.98
2351,630.0,0.99
2351,2000.0,1.0
2360,2.0,0.45
2360,6.0,0.55
2360,20.0,0.68
2360,63.0,0.83
2360,200.0,0.92
2360,630.0,1.0
2361,2.0,0.57
2361,6.0,0.73
2361,20.0,0.87
2361,63.0,0.98
2361,200.0,1.0
2362,2.0,0.63
2362,6.0,0.79
2362,20.0,0.92
2362,63.0,0.96
2362,200.0,0.99
2362,630.0,1.0
2370,2.0,0.23
2370,50.0,0.42
2370,2000.0,1.0
2371,2.0,0.24
2371,50.0,0.44
2371,2000.0,1.0
2372,2.0,0.26
2372,50.0,0.38
2372,2000.0,1.0
2373,2.0,0.14
2373,50.0,0.16
2373,2000.0,1.0
2374,2.0,0.19
2374,50.0,0.25
2374,2000.0,1.0
2380,2.0,0.08
2380,50.0,0.25
2380,2000.0,1.0
2381,2.0,0.1
2381,50.0,0.31
2381,2000.0,1.0
2382,2.0,0.14
2382,50.0,0.44
2382,2000.0,1.0
2383,2.0,0.07
2383,50.0,0.23
2383,2000.0,1.0
2384,2.0,0.01
2384,50.0,0.07
2384,2000.0,1.0
2385,2.0,0.01
2385,50.0,0.07
2385,2000.0,1.0
2390,2.0,0.31
2390,50.0,0.58
2390,2000.0,1.0
2391,2.0,0.33
2391,50.0,0.66
2391,2000.0,1.0
2392,2.0,0.35
2392,50.0,0.8
2392,2000.0,1.0
2393,2.0,0.28
2393,50.0,0.56
2393,2000.0,1.0
2394,2.0,0.23
2394,50.0,0.36
2394,2000.0,1.0
2395,2.0,0.28
2395,50.0,0.52
2395,2000.0,1.0
2400,2.0,0.16
2400,50.0,0.54
2400,2000.0,1.0
2401,2.0,0.17
2401,50.0,0.57
2401,2000.0,1.0
2402,2.0,0.25
2402,50.0,0.71
2402,2000.0,1.0
2403,2.0,0.11
2403,50.0,0.43
2403,2000.0,1.0
2404,2.0,0.05
2404,50.0,0.6
2404,2000.0,1.0
2405,2.0,0.05
2405,50.0,0.6
2405,2000.0,1.0
2410,2.0,0.18
2410,50.0,0.44
2410,2000.0,1.0
2411,2.0,0.21
2411,50.0,0.46
2411,2000.0,1.0
2412,2.0,0.28
2412,50.0,0.53
2412,2000.0,1.0
2413,2.0,0.07
2413,50.0,0.24
2413,2000.0,1.0
2414,2.0,0.04
2414,50.0,0.34
2414,2000.0,1.0
2415,2.0,0.04
2415,50.0,0.34
2415,2000.0,1.0
2420,2.0,0.08
2420,50.0,0.19
2420,2000.0,1.0
2421,2.0,0.08
2421,50.0,0.2
2421,2000.0,1.0
2422,2.0,0.06
2422,50.0,0.13
2422,2000.0,1.0
2423,2.0,0.06
2423,50.0,0.11
2423,2000.0,1.0
2424,2.0,0.03
2424,50.0,0.07
2424,2000.0,1.0
2425,2.0,0.03
2425,50.0,0.07
2425,2000.0,1.0
2430,2.0,0.31
2430,50.0,0.68
2430,2000.0,1.0
2431,2.0,0.34
2431,50.0,0.77
2431,2000.0,1.0
2432,2.0,0.42
2432,50.0,0.79
2432,2000.0,1.0
2433,2.0,0.34
2433,50.0,0.69
2433,2000.0,1.0
2434,2.0,0.24
2434,50.0,0.47
2434,2000.0,1.0
2435,2.0,0.24
2435,50.0,0.43
2435,2000.0,1.0
2440,2.0,0.09
2440,50.0,0.26
2440,2000.0,1.0
2441,2.0,0.15
2441,50.0,0.3
2441,2000.0,1.0
2442,2.0,0.13
2442,50.0,0.18
2442,2000.0,1.0
2443,2.0,0.11
2443,50.0,0.14
2443,2000.0,1.0
2444,2.0,0.11
2444,50.0,0.12
2444,2000.0,1.0
2445,2.0,0.11
2445,50.0,0.12
2445,2000.0,1.0
2450,2.0,0.16
2450,50.0,0.55
2450,2000.0,1.0
2451,2.0,0.19
2451,50.0,0.4
2451,2000.0,1.0
2452,2.0,0.24
2452,50.0,0.47
2452,2000.0,1.0
2453,2.0,0.22
2453,50.0,0.49
2453,2000.0,1.0
2454,2.0,0.17
2454,50.0,0.42
2454,2000.0,1.0
2455,2.0,0.17
2455,50.0,0.42
2455,2000.0,1.0
2460,2.0,0.38
2460,50.0,0.97
2460,2000.0,1.0
2461,2.0,0.38
2461,50.0,0.97
2461,2000.0,1.0
2462,2.0,0.38
2462,50.0,0.97
2462,2000.0,1.0
2463,2.0,0.3
2463,20.0,0.71
2463,60.0,0.835
2463,200.0,0.9
2463,600.0,0.96
2463,2000.0,1.0
2464,2.0,0.225
2464,20.0,0.7
2464,60.0,0.845
2464,200.0,0.88
2464,600.0,0.925
2464,2000.0,1.0
2470,2.0,0.38
2470,50.0,0.97
2470,2000.0,1.0
2471,2.0,0.38
2471,50.0,0.97
2471,2000.0,1.0
2472,2.0,0.38
2472,50.0,0.97
2472,2000.0,1.0
2480,2.0,0.08
2480,50.0,0.2
2480,2000.0,1.0
2481,2.0,0.06
2481,50.0,0.12
2481,2000.0,1.0
2482,2.0,0.05
2482,50.0,0.12
2482,2000.0,1.0
2483,2.0,0.05
2483,50.0,0.06
2483,2000.0,1.0
2491,1.0,0.19
2491,3.0,0.3
2491,5.0,0.37
2491,8.0,0.48
2491,14.0,0.6
2491,24.0,0.75
2491,50.0,0.89
2491,100.0,0.97
2491,250.0,0.99
2491,500.0,1.0
2491,1000.0,1.0
2492,1.0,0.19
2492,3.0,0.3
2492,5.0,0.37
2492,8.0,0.48
2492,14.0,0.6
2492,24.0,0.75
2492,50.0,0.89
2492,100.0,0.97
2492,250.0,0.99
2492,500.0,1.0
2492,1000.0,1.0
2493,1.0,0.23
2493,3.0,0.33
2493,5.0,0.4
2493,9.0,0.51
2493,15.0,0.65
2493,26.0,0.78
2493,50.0,0.91
2493,100.0,0.97
2493,250.0,0.99
2493,500.0,0.99
2493,1000.0,1.0
2530,1.0,0.2
2530,5.0,0.28
2530,10.0,0.32
2530,20.0,0.41
2530,50.0,0.55
2530,100.0,0.69
2530,500.0,0.98
2530,1000.0,0.99
2530,2000.0,1.0
2531,1.0,0.14
2531,5.0,0.21
2531,10.0,0.3
2531,20.0,0.41
2531,50.0,0.59
2531,100.0,0.72
2531,500.0,0.97
2531,1000.0,0.99
2531,2000.0,1.0
2532,1.0,0.11
2532,5.0,0.2
2532,10.0,0.24
2532,20.0,0.31
2532,50.0,0.4
2532,100.0,0.56
2532,500.0,0.89
2532,1000.0,0.96
2532,2000.0,1.0
2540,2.0,0.17
2540,20.0,0.329
2540,2000.0,1.0
2541,2.0,0.145
2541,20.0,0.36
2541,2000.0,1.0
2542,2.0,0.17
2542,20.0,0.395
2542,2000.0,1.0
2550,2.0,0.112
2550,20.0,0.259
2550,2000.0,1.0
2551,2.0,0.129
2551,20.0,0.301
2551,2000.0,1.0
2552,2.0,0.171
2552,20.0,0.467
2552,2000.0,1.0
2560,2.0,0.094
2560,50.0,0.284
2560,2000.0,1.0
2561,2.0,0.0
2561,50.0,0.129
2561,2000.0,1.0
2562,2.0,0.0
2562,50.0,0.011
2562,2000.0,1.0
2570,2.0,0.091
2570,50.0,0.187
2570,2000.0,1.0
2571,2.0,0.076
2571,50.0,0.177
2571,2000.0,1.0
2572,2.0,0.042
2572,50.0,0.108
2572,2000.0,1.0
2573,2.0,0.053
2573,50.0,0.125
2573,2000.0,1.0
2574,2.0,0.005
2574,50.0,0.065
2574,2000.0,1.0
2580,2.0,0.183
2580,50.0,0.664
2580,2000.0,1.0
2581,2.0,0.123
2581,50.0,0.628
2581,2000.0,1.0
2582,2.0,0.18
2582,50.0,0.81
2582,2000.0,1.0
2583,2.0,0.08
2583,50.0,0.317
2583,2000.0,1.0
2584,2.0,0.003
2584,50.0,0.073
2584,2000.0,1.0
2590,2.0,0.187
2590,50.0,0.513
2590,2000.0,1.0
2591,2.0,0.218
2591,50.0,0.509
2591,2000.0,1.0
2592,2.0,0.248
2592,50.0,0.957
2592,2000.0,1.0
2593,2.0,0.353
2593,50.0,0.946
2593,2000.0,1.0
2600,,
2601,2.0,0.262
2601,50.0,0.673
2601,2000.0,1.0
2602,2.0,0.243
2602,50.0,0.661
2602,2000.0,1.0
2603,2.0,0.165
2603,50.0,0.549
2603,2000.0,1.0
2604,2.0,0.161
2604,50.0,0.545
2604,2000.0,1.0
2605,2.0,0.128
2605,50.0,0.532
2605,2000.0,1.0
2610,2.0,0.274
2610,50.0,0.762
2610,2000.0,1.0
2611,2.0,0.245
2611,50.0,0.725
2611,2000.0,1.0
2612,2.0,0.215
2612,50.0,0.723
2612,2000.0,1.0
2613,2.0,0.205
2613,50.0,0.728
2613,2000.0,1.0
2614,2.0,0.228
2614,50.0,0.723
2614,2000.0,1.0
2620,2.0,0.478
2620,50.0,0.834
2620,2000.0,1.0
2621,2.0,0.495
2621,50.0,0.823
2621,2000.0,1.0
2622,2.0,0.469
2622,50.0,0.768
2622,2000.0,1.0
2630,2.0,0.258
2630,50.0,0.45
2630,2000.0,1.0
2631,2.0,0.243
2631,50.0,0.41
2631,2000.0,1.0
2640,2.0,0.046
2640,50.0,0.142
2640,2000.0,1.0
2641,2.0,0.091
2641,50.0,0.162
2641,2000.0,1.0
2642,2.0,0.129
2642,50.0,0.241
2642,2000.0,1.0
2650,2.0,0.142
2650,50.0,0.64
2650,2000.0,1.0
2651,2.0,0.145
2651,50.0,0.62
2651,2000.0,1.0
2652,2.0,0.22
2652,50.0,0.69
2652,2000.0,1.0
2653,2.0,0.065
2653,50.0,0.19
2653,2000.0,1.0
2660,2.0,0.579
2660,50.0,0.848
2660,2000.0,1.0
2661,2.0,0.392
2661,50.0,0.743
2661,2000.0,1.0
2670,2.0,0.21
2670,50.0,0.793
2670,2000.0,1.0
2671,2.0,0.173
2671,50.0,0.813
2671,2000.0,1.0
2672,2.0,0.11
2672,50.0,0.85
2672,2000.0,1.0
2680,2.0,0.176
2680,50.0,0.492
2680,2000.0,1.0
2681,2.0,0.403
2681,50.0,0.693
2681,2000.0,1.0
2682,2.0,0.384
2682,50.0,0.583
2682,2000.0,1.0
2683,2.0,0.355
2683,50.0,0.578
2683,2000.0,1.0
2690,2.0,0.633
2690,50.0,0.913
2690,2000.0,1.0
2691,2.0,0.436
2691,50.0,0.748
2691,2000.0,1.0
2700,2.0,0.323
2700,50.0,0.793
2700,2000.0,1.0
2701,2.0,0.312
2701,50.0,0.787
2701,2000.0,1.0
2710,2.0,0.165
2710,50.0,0.825
2710,2000.0,1.0
2711,2.0,0.182
2711,50.0,0.85
2711,2000.0,1.0
2712,2.0,0.241
2712,50.0,0.861
2712,2000.0,1.0
2713,2.0,0.22
2713,50.0,0.875
2713,2000.0,1.0
2720,2.0,0.15
2720,50.0,0.802
2720,2000.0,1.0
2721,2.0,0.158
2721,50.0,0.758
2721,2000.0,1.0
2722,2.0,0.175
2722,50.0,0.722
2722,2000.0,1.0
2723,2.0,0.152
2723,50.0,0.717
2723,2000.0,1.0
2730,2.0,0.15
2730,50.0,0.74
2730,2000.0,1.0
2731,2.0,0.17
2731,50.0,0.752
2731,2000.0,1.0
2732,2.0,0.175
2732,50.0,0.743
2732,2000.0,1.0
2740,2.0,0.297
2740,50.0,0.693
2740,2000.0,1.0
2741,2.0,0.23
2741,50.0,0.687
2741,2000.0,1.0
2742,2.0,0.246
2742,50.0,0.626
2742,2000.0,1.0
2743,2.0,0.31
2743,50.0,0.733
2743,2000.0,1.0
2750,2.0,0.185
2750,50.0,0.483
2750,2000.0,1.0
2751,2.0,0.186
2751,50.0,0.446
2751,2000.0,1.0
2752,2.0,0.19
2752,50.0,0.5
2752,2000.0,1.0
2753,2.0,0.173
2753,50.0,0.456
2753,2000.0,1.0
2760,2.0,0.056
2760,50.0,0.606
2760,2000.0,1.0
2761,2.0,0.051
2761,50.0,0.593
2761,2000.0,1.0
2762,2.0,0.05
2762,50.0,0.359
2762,2000.0,1.0
2763,2.0,0.028
2763,50.0,0.231
2763,2000.0,1.0
2764,2.0,0.036
2764,50.0,0.311
2764,2000.0,1.0
2765,2.0,0.028
2765,50.0,0.4
2765,2000.0,1.0
3000,1.0,0.101
3000,5.0,0.152
3000,10.0,0.223
3000,50.0,0.321
3000,100.0,0.88
3000,250.0,0.994
3000,500.0,0.995
3000,1000.0,0.999
3010,1.0,0.038
3010,5.0,0.115
3010,10.0,0.226
3010,50.0,0.499
3010,250.0,0.758
3010,1000.0,1.0
3020,1.0,0.001
3020,5.0,0.014
3020,10.0,0.066
3020,50.0,0.138
3020,100.0,0.914
3020,250.0,0.967
3020,500.0,0.978
3020,1000.0,0.996
3030,1.0,0.419
3030,5.0,0.735
3030,10.0,0.876
3030,50.0,0.978
3030,250.0,0.987
3030,1000.0,1.0
3031,1.0,0.332
3031,5.0,0.421
3031,10.0,0.59
3031,50.0,0.787
3031,250.0,0.901
3031,1000.0,0.92
3032,1.0,0.346
3032,5.0,0.389
3032,10.0,0.434
3032,50.0,0.653
3032,250.0,0.773
3032,1000.0,0.783
3033,1.0,0.338
3033,5.0,0.501
3033,10.0,0.501
3033,50.0,0.72
3033,250.0,0.732
3033,1000.0,0.865
3050,2.0,0.029
3050,4.0,0.039
3050,10.0,0.086
3050,15.0,0.115
3050,25.0,0.168
3050,39.0,0.221
3050,55.0,0.274
3050,74.0,0.279
3050,105.0,0.356
3050,250.0,0.596
3050,420.0,0.74
3050,840.0,0.841
3050,2000.0,0.928
3050,4760.0,0.966
3050,9520.0,0.99
3050,19100.0,1.0
3060,74.0,0.086
3060,105.0,0.102
3060,250.0,0.281
3060,420.0,0.831
3060,840.0,0.999
3060,2000.0,1.0
3070,74.0,0.01
3070,105.0,0.062
3070,250.0,0.916
3070,420.0,0.999
3070,840.0,1.0
3070,2000.0,1.0
3080,74.0,0.01
3080,105.0,0.062
3080,250.0,0.916
3080,420.0,0.999
3080,840.0,1.0
3080,2000.0,1.0
3090,1.0,0.397
3090,5.0,0.528
3090,10.0,0.597
3090,50.0,0.979
3090,250.0,0.982
3090,1000.0,0.997
3091,1.0,0.409
3091,5.0,0.537
3091,10.0,0.6
3091,50.0,0.977
3091,250.0,0.996
3091,1000.0,1.0
3093,,
3100,1.0,0.307
3100,5.0,0.45
3100,10.0,0.541
3100,50.0,0.857
3100,250.0,0.981
3100,1000.0,1.0
3101,1.0,0.341
3101,5.0,0.472
3101,10.0,0.583
3101,50.0,0.897
3101,250.0,0.984
3101,1000.0,1.0
3102,1.0,0.341
3102,5.0,0.442
3102,10.0,0.545
3102,50.0,0.887
3102,250.0,0.975
3102,1000.0,1.0
3103,1.0,0.335
3103,5.0,0.441
3103,10.0,0.608
3103,50.0,0.943
3103,250.0,0.989
3103,1000.0,1.0
3110,1.0,0.305
3110,5.0,0.449
3110,10.0,0.544
3110,50.0,0.876
3110,250.0,0.981
3110,1000.0,1.0
3111,1.0,0.349
3111,5.0,0.477
3111,10.0,0.585
3111,50.0,0.937
3111,250.0,0.987
3111,1000.0,1.0
3112,1.0,0.338
3112,5.0,0.457
3112,10.0,0.565
3112,50.0,0.927
3112,250.0,0.984
3112,1000.0,1.0
3113,1.0,0.335
3113,5.0,0.441
3113,10.0,0.608
3113,50.0,0.943
3113,250.0,0.989
3113,1000.0,1.0
3120,2.0,0.435
3120,20.0,0.88
3120,2000.0,0.98
3130,2.0,0.03
3130,20.0,0.067
3130,50.0,0.129
3130,100.0,0.223
3130,250.0,0.641
3130,500.0,0.971
3130,1000.0,1.0
3130,2000.0,1.001
3131,2.0,0.055
3131,20.0,0.103
3131,50.0,0.148
3131,100.0,0.257
3131,250.0,0.702
3131,500.0,0.98
3131,1000.0,1.0
3131,2000.0,1.0
3132,2.0,0.044
3132,20.0,0.067
3132,50.0,0.099
3132,100.0,0.19
3132,250.0,0.68
3132,500.0,0.978
3132,1000.0,0.999
3132,2000.0,1.0
3133,2.0,0.029
3133,20.0,0.06
3133,50.0,0.068
3133,100.0,0.153
3133,250.0,0.69
3133,500.0,0.978
3133,1000.0,0.999
3133,2000.0,1.0
3134,2.0,0.029
3134,20.0,0.047
3134,50.0,0.048
3134,100.0,0.069
3134,250.0,0.5
3134,500.0,0.982
3134,1000.0,1.0
3134,2000.0,1.0
3140,2.0,0.048
3140,20.0,0.081
3140,50.0,0.108
3140,100.0,0.199
3140,250.0,0.67
3140,500.0,0.978
3140,1000.0,1.0
3140,2000.0,1.0
3141,2.0,0.033
3141,20.0,0.066
3141,50.0,0.084
3141,100.0,0.164
3141,250.0,0.642
3141,500.0,0.972
3141,1000.0,0.999
3141,2000.0,1.0
3142,2.0,0.035
3142,20.0,0.038
3142,50.0,0.077
3142,100.0,0.166
3142,250.0,0.664
3142,500.0,0.975
3142,1000.0,1.0
3142,2000.0,1.0
3143,2.0,0.036
3143,20.0,0.049
3143,50.0,0.066
3143,100.0,0.144
3143,250.0,0.659
3143,500.0,0.982
3143,1000.0,0.999
3143,2000.0,0.999
3144,2.0,0.011
3144,20.0,0.038
3144,50.0,0.052
3144,100.0,0.118
3144,250.0,0.63
3144,500.0,0.988
3144,1000.0,1.002
3144,2000.0,1.002
3150,2.0,0.104
3150,20.0,0.115
3150,50.0,0.162
3150,100.0,0.275
3150,250.0,0.689
3150,500.0,0.975
3150,1000.0,0.999
3150,2000.0,1.0
3151,2.0,0.052
3151,20.0,0.093
3151,50.0,0.143
3151,100.0,0.243
3151,250.0,0.666
3151,500.0,0.976
3151,1000.0,1.002
3151,2000.0,1.002
3152,2.0,0.044
3152,20.0,0.105
3152,50.0,0.155
3152,100.0,0.279
3152,250.0,0.713
3152,500.0,0.978
3152,1000.0,0.999
3152,2000.0,1.0
3153,2.0,0.036
3153,20.0,0.083
3153,50.0,0.114
3153,100.0,0.208
3153,250.0,0.662
3153,500.0,0.973
3153,1000.0,0.998
3153,2000.0,0.999
3154,2.0,0.045
3154,20.0,0.065
3154,50.0,0.109
3154,100.0,0.193
3154,250.0,0.69
3154,500.0,0.981
3154,1000.0,0.999
3154,2000.0,1.0
3155,2.0,0.034
3155,20.0,0.061
3155,50.0,0.078
3155,100.0,0.151
3155,250.0,0.584
3155,500.0,0.966
3155,1000.0,0.998
3155,2000.0,0.998
3160,2.0,0.047
3160,20.0,0.103
3160,50.0,0.148
3160,100.0,0.35
3160,250.0,0.773
3160,500.0,0.955
3160,1000.0,0.999
3160,2000.0,1.0
3161,2.0,0.058
3161,20.0,0.11
3161,50.0,0.147
3161,100.0,0.364
3161,250.0,0.802
3161,500.0,0.96
3161,1000.0,0.999
3161,2000.0,0.999
3162,2.0,0.03
3162,20.0,0.082
3162,50.0,0.119
3162,100.0,0.358
3162,250.0,0.832
3162,500.0,0.963
3162,1000.0,0.999
3162,2000.0,1.0
3163,2.0,0.028
3163,20.0,0.09
3163,50.0,0.09
3163,100.0,0.353
3163,250.0,0.88
3163,500.0,0.976
3163,1000.0,1.0
3163,2000.0,1.0
3164,2.0,0.024
3164,20.0,0.05
3164,50.0,0.086
3164,100.0,0.332
3164,250.0,0.85
3164,500.0,0.965
3164,1000.0,0.999
3164,2000.0,0.999
3165,2.0,0.031
3165,20.0,0.075
3165,50.0,0.104
3165,100.0,0.281
3165,250.0,0.684
3165,500.0,0.89
3165,1000.0,0.999
3165,2000.0,0.999
3170,2.0,0.05
3170,20.0,0.115
3170,50.0,0.184
3170,100.0,0.369
3170,250.0,0.817
3170,500.0,0.966
3170,1000.0,0.999
3170,2000.0,1.0
3171,2.0,0.056
3171,20.0,0.102
3171,50.0,0.15
3171,100.0,0.36
3171,250.0,0.859
3171,500.0,0.978
3171,1000.0,0.999
3171,2000.0,1.0
3172,2.0,0.046
3172,20.0,0.064
3172,50.0,0.094
3172,100.0,0.317
3172,250.0,0.897
3172,500.0,0.986
3172,1000.0,0.997
3172,2000.0,0.999
3173,2.0,0.049
3173,20.0,0.064
3173,50.0,0.085
3173,100.0,0.281
3173,250.0,0.9
3173,500.0,0.988
3173,1000.0,0.999
3173,2000.0,1.0
3174,2.0,0.002
3174,20.0,0.038
3174,50.0,0.083
3174,100.0,0.201
3174,250.0,0.562
3174,500.0,0.938
3174,1000.0,0.995
3174,2000.0,0.999
3175,2.0,0.002
3175,20.0,0.006
3175,50.0,0.03
3175,100.0,0.04
3175,250.0,0.214
3175,500.0,0.959
3175,1000.0,0.998
3175,2000.0,0.999
3180,2.0,0.2
3180,20.0,0.305
3180,50.0,0.364
3180,100.0,0.509
3180,250.0,0.866
3180,500.0,0.981
3180,1000.0,0.999
3180,2000.0,0.999
3181,2.0,0.064
3181,20.0,0.082
3181,50.0,0.11
3181,100.0,0.312
3181,250.0,0.814
3181,500.0,0.968
3181,1000.0,0.997
3181,2000.0,0.998
3182,2.0,0.028
3182,20.0,0.05
3182,50.0,0.08
3182,100.0,0.106
3182,250.0,0.713
3182,500.0,0.994
3182,1000.0,0.998
3182,2000.0,0.999
3183,2.0,0.017
3183,20.0,0.043
3183,50.0,0.067
3183,100.0,0.097
3183,250.0,0.61
3183,500.0,0.987
3183,1000.0,1.0
3183,2000.0,1.0
3190,2.0,0.165
3190,20.0,0.358
3190,50.0,0.521
3190,100.0,0.664
3190,250.0,0.851
3190,500.0,0.963
3190,1000.0,0.999
3190,2000.0,1.0
3191,2.0,0.162
3191,20.0,0.359
3191,50.0,0.523
3191,100.0,0.666
3191,250.0,0.848
3191,500.0,0.962
3191,1000.0,0.998
3191,2000.0,0.999
3192,2.0,0.163
3192,20.0,0.373
3192,50.0,0.558
3192,100.0,0.688
3192,250.0,0.86
3192,500.0,0.968
3192,1000.0,0.997
3192,2000.0,1.0
3193,2.0,0.137
3193,20.0,0.416
3193,50.0,0.586
3193,100.0,0.717
3193,250.0,0.873
3193,500.0,0.962
3193,1000.0,1.0
3193,2000.0,1.0
3194,2.0,0.087
3194,20.0,0.353
3194,50.0,0.543
3194,100.0,0.695
3194,250.0,0.866
3194,500.0,0.956
3194,1000.0,1.0
3194,2000.0,1.0
3195,2.0,0.079
3195,20.0,0.329
3195,50.0,0.551
3195,100.0,0.69
3195,250.0,0.863
3195,500.0,0.96
3195,1000.0,1.0
3195,2000.0,1.0
3200,2.0,0.153
3200,20.0,0.232
3200,50.0,0.348
3200,100.0,0.63
3200,250.0,0.928
3200,500.0,0.987
3200,1000.0,0.997
3200,2000.0,0.999
3201,2.0,0.151
3201,20.0,0.207
3201,50.0,0.321
3201,100.0,0.62
3201,250.0,0.919
3201,500.0,0.983
3201,1000.0,0.997
3201,2000.0,0.999
3202,2.0,0.227
3202,20.0,0.286
3202,50.0,0.375
3202,100.0,0.675
3202,250.0,0.939
3202,500.0,0.988
3202,1000.0,1.0
3202,2000.0,1.001
3203,2.0,0.105
3203,20.0,0.138
3203,50.0,0.237
3203,100.0,0.565
3203,250.0,0.921
3203,500.0,0.984
3203,1000.0,0.999
3203,2000.0,1.0
3204,2.0,0.083
3204,20.0,0.16
3204,50.0,0.246
3204,100.0,0.418
3204,250.0,0.751
3204,500.0,0.948
3204,1000.0,0.993
3204,2000.0,1.0
3205,2.0,0.082
3205,20.0,0.129
3205,50.0,0.237
3205,100.0,0.354
3205,250.0,0.66
3205,500.0,0.925
3205,1000.0,0.984
3205,2000.0,1.0
3206,2.0,0.017
3206,20.0,0.039
3206,50.0,0.06
3206,100.0,0.067
3206,250.0,0.186
3206,500.0,0.709
3206,1000.0,0.997
3206,2000.0,1.001
3210,2.0,0.163
3210,20.0,0.4
3210,50.0,0.67
3210,100.0,0.879
3210,250.0,0.967
3210,500.0,0.993
3210,1000.0,0.98
3210,2000.0,0.999
3211,2.0,0.146
3211,20.0,0.339
3211,50.0,0.636
3211,100.0,0.898
3211,250.0,0.978
3211,500.0,0.996
3211,1000.0,0.999
3211,2000.0,0.999
3212,2.0,0.276
3212,20.0,0.692
3212,50.0,0.916
3212,100.0,0.971
3212,250.0,0.992
3212,500.0,0.998
3212,1000.0,0.999
3212,2000.0,1.0
3213,2.0,0.136
3213,20.0,0.594
3213,50.0,0.842
3213,100.0,0.932
3213,250.0,0.978
3213,500.0,0.993
3213,1000.0,0.996
3213,2000.0,0.998
3214,2.0,0.113
3214,20.0,0.704
3214,50.0,0.983
3214,100.0,0.99
3214,250.0,0.993
3214,500.0,0.995
3214,1000.0,0.997
3214,2000.0,0.999
3220,2.0,0.184
3220,20.0,0.437
3220,50.0,0.691
3220,100.0,0.807
3220,250.0,0.958
3220,500.0,0.989
3220,1000.0,1.0
3220,2000.0,1.0
3221,2.0,0.198
3221,20.0,0.465
3221,50.0,0.659
3221,100.0,0.766
3221,250.0,0.948
3221,500.0,0.985
3221,1000.0,0.999
3221,2000.0,1.0
3222,2.0,0.255
3222,20.0,0.66
3222,50.0,0.846
3222,100.0,0.916
3222,250.0,0.991
3222,500.0,0.997
3222,1000.0,0.999
3222,2000.0,0.999
3223,2.0,0.191
3223,20.0,0.721
3223,50.0,0.93
3223,100.0,0.956
3223,250.0,0.991
3223,500.0,0.997
3223,1000.0,0.999
3223,2000.0,1.0
3224,2.0,0.152
3224,20.0,0.756
3224,50.0,0.942
3224,100.0,0.953
3224,250.0,0.964
3224,500.0,0.973
3224,1000.0,0.988
3224,2000.0,0.998
3225,2.0,0.17
3225,20.0,0.806
3225,50.0,0.962
3225,100.0,0.973
3225,250.0,0.996
3225,500.0,0.996
3225,1000.0,0.999
3225,2000.0,1.0
3230,,
3231,,
3232,2.0,0.007
3232,4.0,0.007
3232,8.0,0.007
3232,16.0,0.008
3232,32.0,0.009
3232,63.0,0.012
3232,125.0,0.104
3232,250.0,0.59
3232,500.0,0.909
3232,1000.0,0.985
3232,2000.0,1.0
3240,2.0,0.243
3240,50.0,0.986
3240,105.0,0.989
3240,250.0,0.993
3240,500.0,0.998
3240,1000.0,1.0
3240,2000.0,1.0
3241,2.0,0.271
3241,50.0,1.0
3241,105.0,1.001
3241,250.0,1.001
3241,500.0,1.001
3241,1000.0,1.001
3241,2000.0,1.001
3242,2.0,0.2
3242,50.0,0.993
3242,105.0,0.995
3242,250.0,0.998
3242,500.0,1.0
3242,1000.0,1.0
3242,2000.0,1.0
3243,2.0,0.173
3243,50.0,0.98
3243,105.0,0.984
3243,250.0,0.991
3243,500.0,0.999
3243,1000.0,1.0
3243,2000.0,1.0
3250,2.0,0.185
3250,50.0,0.99
3250,105.0,0.994
3250,250.0,0.996
3250,500.0,0.998
3250,1000.0,0.999
3250,2000.0,0.999
3251,2.0,0.29
3251,50.0,0.995
3251,105.0,0.997
3251,250.0,0.997
3251,500.0,0.997
3251,1000.0,0.997
3251,2000.0,0.997
3252,2.0,0.225
3252,50.0,0.995
3252,105.0,0.996
3252,250.0,0.996
3252,500.0,0.996
3252,1000.0,0.996
3252,2000.0,0.996
3253,2.0,0.205
3253,50.0,1.0
3253,105.0,1.001
3253,250.0,1.001
3253,500.0,1.001
3253,1000.0,1.001
3253,2000.0,1.001
3260,2.0,0.09
3260,50.0,0.88
3260,105.0,0.89
3260,250.0,0.95
3260,500.0,0.99
3260,1000.0,0.99
3260,2000.0,1.0
3261,2.0,0.09
3261,50.0,0.78
3261,105.0,0.8
3261,250.0,0.91
3261,500.0,1.0
3261,1000.0,1.01
3261,2000.0,1.01
3262,2.0,0.1
3262,50.0,0.79
3262,105.0,0.81
3262,250.0,0.92
3262,500.0,0.99
3262,1000.0,1.0
3262,2000.0,1.0
3263,2.0,0.1
3263,50.0,0.74
3263,105.0,0.76
3263,250.0,0.89
3263,500.0,0.99
3263,1000.0,1.0
3263,2000.0,1.0
3264,2.0,0.13
3264,50.0,0.89
3264,105.0,0.91
3264,250.0,0.97
3264,500.0,1.0
3264,1000.0,1.01
3264,2000.0,1.01
3270,,
3271,,
3272,,
3273,,
3274,,
3281,2.0,0.488
3281,20.0,0.739
3281,200.0,1.0
3281,2000.0,1.008
3282,2.0,0.54
3282,20.0,0.786
3282,200.0,1.002
3282,2000.0,1.008
3283,2.0,0.326
3283,20.0,0.68
3283,200.0,1.008
3283,2000.0,1.011
3290,2.0,0.108
3290,20.0,0.281
3290,63.0,0.473
3290,125.0,0.68
3290,200.0,0.837
3290,500.0,0.988
3290,2000.0,1.0
3291,2.0,0.107
3291,20.0,0.27
3291,63.0,0.452
3291,125.0,0.649
3291,200.0,0.821
3291,500.0,0.986
3291,2000.0,1.0
3292,2.0,0.238
3292,20.0,0.401
3292,63.0,0.52
3292,125.0,0.694
3292,200.0,0.834
3292,500.0,0.992
3292,2000.0,1.0
3293,2.0,0.269
3293,20.0,0.37
3293,63.0,0.555
3293,125.0,0.777
3293,200.0,0.932
3293,500.0,0.996
3293,2000.0,1.0
3300,2.0,0.106
3300,20.0,0.256
3300,63.0,0.466
3300,125.0,0.673
3300,200.0,0.839
3300,500.0,0.992
3300,2000.0,1.0
3301,2.0,0.121
3301,20.0,0.266
3301,63.0,0.452
3301,125.0,0.653
3301,200.0,0.823
3301,500.0,0.987
3301,2000.0,1.0
3302,2.0,0.204
3302,20.0,0.331
3302,63.0,0.49
3302,125.0,0.715
3302,200.0,0.888
3302,500.0,0.988
3302,2000.0,1.0
3303,2.0,0.186
3303,20.0,0.33
3303,63.0,0.514
3303,125.0,0.746
3303,200.0,0.884
3303,500.0,0.988
3303,2000.0,1.0
3310,2.0,0.11
3310,20.0,0.236
3310,63.0,0.401
3310,125.0,0.578
3310,200.0,0.76
3310,500.0,0.988
3310,2000.0,1.0
3311,2.0,0.121
3311,20.0,0.24
3311,63.0,0.398
3311,125.0,0.578
3311,200.0,0.754
3311,500.0,0.988
3311,2000.0,1.0
3312,2.0,0.245
3312,20.0,0.361
3312,63.0,0.504
3312,125.0,0.716
3312,200.0,0.886
3312,500.0,0.992
3312,2000.0,1.0
3313,2.0,0.227
3313,20.0,0.352
3313,63.0,0.476
3313,125.0,0.658
3313,200.0,0.826
3313,500.0,0.992
3313,2000.0,1.0
3320,2.0,0.079
3320,20.0,0.18
3320,63.0,0.336
3320,125.0,0.508
3320,200.0,0.653
3320,500.0,0.903
3320,2000.0,1.0
3321,2.0,0.079
3321,20.0,0.185
3321,63.0,0.345
3321,125.0,0.517
3321,200.0,0.657
3321,500.0,0.91
3321,2000.0,1.0
3322,2.0,0.134
3322,20.0,0.23
3322,63.0,0.365
3322,125.0,0.53
3322,200.0,0.666
3322,500.0,0.898
3322,2000.0,1.0
3323,2.0,0.103
3323,20.0,0.2
3323,63.0,0.334
3323,125.0,0.507
3323,200.0,0.653
3323,500.0,0.901
3323,2000.0,1.0
3330,2.0,0.042
3330,20.0,0.081
3330,63.0,0.112
3330,125.0,0.173
3330,200.0,0.289
3330,500.0,0.813
3330,2000.0,1.0
3331,2.0,0.035
3331,20.0,0.054
3331,63.0,0.064
3331,125.0,0.103
3331,200.0,0.202
3331,500.0,0.892
3331,2000.0,1.0
3332,2.0,0.025
3332,20.0,0.03
3332,63.0,0.04
3332,125.0,0.046
3332,200.0,0.088
3332,500.0,0.868
3332,2000.0,1.0
3340,2.0,0.015
3340,16.0,0.025
3340,63.0,0.075
3340,125.0,0.095
3340,250.0,0.467
3340,500.0,0.833
3340,1000.0,0.965
3340,2000.0,1.002
3341,,
3350,,
3351,,
3360,2.0,0.151
3360,6.0,0.202
3360,20.0,0.369
3360,60.0,0.974
3360,200.0,0.991
3360,600.0,0.999
3360,2000.0,1.0
3361,2.0,0.144
3361,6.0,0.195
3361,20.0,0.365
3361,60.0,0.974
3361,200.0,0.99
3361,600.0,0.999
3361,2000.0,1.0
3370,,
3371,,
3380,2.0,0.123
3380,60.0,0.945
3380,200.0,1.0
3381,2.0,0.139
3381,60.0,0.849
3381,200.0,1.0
3390,2.0,0.146
3390,60.0,0.945
3390,200.0,1.0
3391,2.0,0.173
3391,60.0,0.941
3391,200.0,1.0
3392,2.0,0.236
3392,60.0,0.958
3392,200.0,1.0
3393,2.0,0.26
3393,60.0,0.958
3393,200.0,1.0
3395,2.0,0.181
3395,60.0,0.972
3395,200.0,1.0
4000,2.0,0.015
4000,10.0,0.028
4000,20.0,0.03
4000,50.0,0.078
4000,100.0,0.128
4000,200.0,0.734
4000,500.0,0.991
4000,1000.0,0.999
4000,2000.0,1.0
4001,2.0,0.013
4001,10.0,0.013
4001,20.0,0.015
4001,50.0,0.041
4001,100.0,0.125
4001,200.0,0.759
4001,500.0,0.994
4001,1000.0,0.999
4001,2000.0,1.0
4010,2.0,0.06
4010,10.0,0.083
4010,20.0,0.098
4010,50.0,0.245
4010,100.0,0.488
4010,200.0,0.873
4010,500.0,0.996
4010,1000.0,0.999
4010,2000.0,1.0
4011,2.0,0.065
4011,10.0,0.08
4011,20.0,0.105
4011,50.0,0.238
4011,100.0,0.424
4011,200.0,0.885
4011,500.0,0.997
4011,1000.0,0.999
4011,2000.0,1.0
4020,2.0,0.035
4020,10.0,0.045
4020,20.0,0.045
4020,50.0,0.148
4020,100.0,0.366
4020,200.0,0.812
4020,500.0,0.991
4020,1000.0,0.997
4020,2000.0,1.0
4021,2.0,0.025
4021,10.0,0.04
4021,20.0,0.04
4021,50.0,0.126
4021,100.0,0.346
4021,200.0,0.819
4021,500.0,0.993
4021,1000.0,0.999
4021,2000.0,1.0
4030,2.0,0.125
4030,10.0,0.21
4030,20.0,0.36
4030,50.0,0.81
4030,100.0,0.922
4030,200.0,0.959
4030,500.0,0.989
4030,1000.0,0.995
4030,2000.0,1.0
4031,2.0,0.113
4031,10.0,0.21
4031,20.0,0.355
4031,50.0,0.317
4031,100.0,0.921
4031,200.0,0.953
4031,500.0,0.992
4031,1000.0,0.997
4031,2000.0,1.0
4032,2.0,0.13
4032,10.0,0.24
4032,20.0,0.4
4032,50.0,0.818
4032,100.0,0.947
4032,200.0,0.967
4032,500.0,0.984
4032,1000.0,0.999
4032,2000.0,1.0
4033,2.0,0.24
4033,10.0,0.345
4033,20.0,0.5
4033,50.0,0.92
4033,100.0,0.969
4033,200.0,0.978
4033,500.0,0.986
4033,1000.0,0.997
4033,2000.0,1.0
4040,2.0,0.1
4040,10.0,0.175
4040,20.0,0.31
4040,50.0,0.75
4040,100.0,0.887
4040,200.0,0.98
4040,500.0,0.997
4040,1000.0,0.99
4040,2000.0,1.0
4041,2.0,0.115
4041,10.0,0.183
4041,20.0,0.318
4041,50.0,0.762
4041,100.0,0.901
4041,200.0,0.985
4041,500.0,0.998
4041,1000.0,0.999
4041,2000.0,1.0
4042,2.0,0.115
4042,10.0,0.215
4042,20.0,0.358
4042,50.0,0.775
4042,100.0,0.935
4042,200.0,0.986
4042,500.0,0.996
4042,1000.0,0.999
4042,2000.0,1.0
4043,2.0,0.17
4043,10.0,0.24
4043,20.0,0.37
4043,50.0,0.756
4043,100.0,0.967
4043,200.0,0.993
4043,500.0,0.998
4043,1000.0,1.0
4043,2000.0,1.0
4050,2.0,0.025
4050,10.0,0.045
4050,20.0,0.06
4050,50.0,0.161
4050,100.0,0.343
4050,200.0,0.767
4050,500.0,0.989
4050,1000.0,0.997
4050,2000.0,1.0
4051,2.0,0.028
4051,10.0,0.033
4051,20.0,0.035
4051,50.0,0.092
4051,100.0,0.258
4051,200.0,0.742
4051,500.0,0.993
4051,1000.0,0.999
4051,2000.0,1.001
4052,2.0,0.02
4052,10.0,0.025
4052,20.0,0.023
4052,50.0,0.105
4052,100.0,0.32
4052,200.0,0.779
4052,500.0,0.988
4052,1000.0,0.999
4052,2000.0,1.0
4060,2.0,0.033
4060,10.0,0.035
4060,20.0,0.04
4060,50.0,0.121
4060,100.0,0.293
4060,200.0,0.749
4060,500.0,0.992
4060,1000.0,0.999
4060,2000.0,1.0
4061,2.0,0.035
4061,10.0,0.035
4061,20.0,0.035
4061,50.0,0.045
4061,100.0,0.255
4061,200.0,0.82
4061,500.0,0.997
4061,1000.0,1.0
4061,2000.0,1.0
4062,2.0,0.055
4062,10.0,0.065
4062,20.0,0.08
4062,50.0,0.145
4062,100.0,0.476
4062,200.0,0.894
4062,500.0,0.998
4062,1000.0,1.0
4062,2000.0,1.0
4070,2.0,0.105
4070,10.0,0.16
4070,20.0,0.26
4070,50.0,0.652
4070,100.0,0.892
4070,200.0,0.971
4070,500.0,0.995
4070,1000.0,0.999
4070,2000.0,1.0
4071,2.0,0.098
4071,10.0,0.225
4071,20.0,0.348
4071,50.0,0.725
4071,100.0,0.947
4071,200.0,0.988
4071,500.0,0.998
4071,1000.0,0.999
4071,2000.0,1.0
4080,2.0,0.15
4080,10.0,0.253
4080,20.0,0.413
4080,50.0,0.866
4080,100.0,0.959
4080,200.0,0.969
4080,500.0,0.986
4080,1000.0,0.996
4080,2000.0,1.0
4081,2.0,0.17
4081,10.0,0.27
4081,20.0,0.425
4081,50.0,0.917
4081,100.0,0.99
4081,200.0,0.994
4081,500.0,0.997
4081,1000.0,0.999
4081,2000.0,1.0
4082,2.0,0.155
4082,10.0,0.278
4082,20.0,0.42
4082,50.0,0.923
4082,100.0,0.988
4082,200.0,0.993
4082,500.0,0.997
4082,1000.0,0.998
4082,2000.0,1.0
4090,2.0,0.113
4090,10.0,0.213
4090,20.0,0.37
4090,50.0,0.88
4090,100.0,0.988
4090,200.0,0.993
4090,500.0,0.997
4090,1000.0,0.99
4090,2000.0,1.0
4091,2.0,0.133
4091,10.0,0.26
4091,20.0,0.42
4091,50.0,0.91
4091,100.0,0.993
4091,200.0,0.996
4091,500.0,0.998
4091,1000.0,0.999
4091,2000.0,1.0
4092,2.0,0.163
4092,10.0,0.27
4092,20.0,0.435
4092,50.0,0.903
4092,100.0,0.988
4092,200.0,0.995
4092,500.0,0.998
4092,1000.0,0.999
4092,2000.0,1.0
4100,2.0,0.11
4100,10.0,0.215
4100,20.0,0.255
4100,50.0,0.469
4100,100.0,0.83
4100,200.0,0.977
4100,500.0,0.998
4100,1000.0,0.999
4100,2000.0,1.0
4101,2.0,0.163
4101,10.0,0.263
4101,20.0,0.315
4101,50.0,0.584
4101,100.0,0.945
4101,200.0,0.991
4101,500.0,0.99
4101,1000.0,0.99
4101,2000.0,1.0
4102,2.0,0.183
4102,10.0,0.278
4102,20.0,0.333
4102,50.0,0.6
4102,100.0,0.957
4102,200.0,0.997
4102,500.0,1.0
4102,1000.0,1.0
4102,2000.0,1.0
4110,2.0,0.11
4110,10.0,0.183
4110,20.0,0.238
4110,50.0,0.454
4110,100.0,0.853
4110,200.0,0.983
4110,500.0,0.999
4110,1000.0,1.0
4110,2000.0,1.0
4111,2.0,0.12
4111,10.0,0.225
4111,20.0,0.26
4111,50.0,0.48
4111,100.0,0.85
4111,200.0,0.979
4111,500.0,0.998
4111,1000.0,1.0
4111,2000.0,1.0
4112,2.0,0.158
4112,10.0,0.213
4112,20.0,0.243
4112,50.0,0.446
4112,100.0,0.945
4112,200.0,0.998
4112,500.0,1.0
4112,1000.0,1.0
4112,2000.0,1.0
4120,2.0,0.508
4120,10.0,0.669
4120,20.0,0.788
4120,50.0,0.858
4120,100.0,0.96
4120,200.0,0.991
4120,500.0,0.995
4120,1000.0,0.998
4120,2000.0,1.0
4121,2.0,0.532
4121,10.0,0.756
4121,20.0,0.876
4121,50.0,0.914
4121,100.0,0.948
4121,200.0,0.967
4121,500.0,0.978
4121,1000.0,0.986
4121,2000.0,1.0
4130,2.0,0.054
4130,10.0,0.073
4130,20.0,0.094
4130,50.0,0.182
4130,100.0,0.301
4130,200.0,0.622
4130,500.0,0.968
4130,1000.0,0.989
4130,2000.0,1.0
4131,2.0,0.043
4131,10.0,0.044
4131,20.0,0.048
4131,50.0,0.061
4131,100.0,0.219
4131,200.0,0.672
4131,500.0,0.976
4131,1000.0,0.995
4131,2000.0,1.0
4132,2.0,0.068
4132,10.0,0.071
4132,20.0,0.076
4132,50.0,0.106
4132,100.0,0.483
4132,200.0,0.862
4132,500.0,0.971
4132,1000.0,0.995
4132,2000.0,1.0
4140,2.0,0.035
4140,10.0,0.048
4140,20.0,0.06
4140,50.0,0.124
4140,100.0,0.242
4140,200.0,0.7
4140,500.0,0.983
4140,1000.0,0.998
4140,2000.0,1.0
4141,2.0,0.033
4141,10.0,0.043
4141,20.0,0.055
4141,50.0,0.082
4141,100.0,0.205
4141,200.0,0.725
4141,500.0,0.985
4141,1000.0,0.997
4141,2000.0,1.0
4142,2.0,0.018
4142,10.0,0.022
4142,20.0,0.033
4142,50.0,0.042
4142,100.0,0.192
4142,200.0,0.709
4142,500.0,0.955
4142,1000.0,0.99
4142,2000.0,1.0
4150,2.0,0.035
4150,10.0,0.048
4150,20.0,0.055
4150,50.0,0.123
4150,100.0,0.202
4150,200.0,0.489
4150,500.0,0.948
4150,1000.0,0.99
4150,2000.0,1.0
4151,2.0,0.035
4151,10.0,0.04
4151,20.0,0.048
4151,50.0,0.07
4151,100.0,0.193
4151,200.0,0.592
4151,500.0,0.92
4151,1000.0,0.97
4151,2000.0,1.0
4152,2.0,0.035
4152,10.0,0.035
4152,20.0,0.04
4152,50.0,0.063
4152,100.0,0.277
4152,200.0,0.74
4152,500.0,0.954
4152,1000.0,0.983
4152,2000.0,1.0
4160,2.0,0.112
4160,10.0,0.149
4160,20.0,0.197
4160,50.0,0.337
4160,100.0,0.562
4160,200.0,0.869
4160,500.0,0.985
4160,1000.0,0.994
4160,2000.0,1.0
4161,2.0,0.117
4161,10.0,0.149
4161,20.0,0.2
4161,50.0,0.352
4161,100.0,0.547
4161,200.0,0.872
4161,500.0,0.986
4161,1000.0,0.998
4161,2000.0,1.0
4162,2.0,0.194
4162,10.0,0.234
4162,20.0,0.272
4162,50.0,0.351
4162,100.0,0.522
4162,200.0,0.912
4162,500.0,0.993
4162,1000.0,0.997
4162,2000.0,1.0
4170,2.0,0.11
4170,10.0,0.142
4170,20.0,0.192
4170,50.0,0.323
4170,100.0,0.552
4170,200.0,0.87
4170,500.0,0.988
4170,1000.0,0.997
4170,2000.0,1.0
4171,2.0,0.117
4171,10.0,0.158
4171,20.0,0.208
4171,50.0,0.349
4171,100.0,0.57
4171,200.0,0.873
4171,500.0,0.984
4171,1000.0,0.997
4171,2000.0,1.0
4172,2.0,0.194
4172,10.0,0.235
4172,20.0,0.272
4172,50.0,0.351
4172,100.0,0.522
4172,200.0,0.912
4172,500.0,0.993
4172,1000.0,0.997
4172,2000.0,1.0
4180,2.0,0.112
4180,10.0,0.173
4180,20.0,0.284
4180,50.0,0.679
4180,100.0,0.869
4180,200.0,0.933
4180,500.0,0.989
4180,1000.0,0.998
4180,2000.0,1.0
4181,2.0,0.139
4181,10.0,0.202
4181,20.0,0.311
4181,50.0,0.722
4181,100.0,0.908
4181,200.0,0.957
4181,500.0,0.995
4181,1000.0,0.999
4181,2000.0,1.0
4182,2.0,0.136
4182,10.0,0.204
4182,20.0,0.324
4182,50.0,0.735
4182,100.0,0.927
4182,200.0,0.96
4182,500.0,0.989
4182,1000.0,0.998
4182,2000.0,1.0
4183,2.0,0.212
4183,10.0,0.257
4183,20.0,0.357
4183,50.0,0.712
4183,100.0,0.933
4183,200.0,0.975
4183,500.0,0.999
4183,1000.0,1.0
4183,2000.0,1.0
4190,2.0,0.43
4190,50.0,0.76
4190,250.0,1.0
4191,2.0,0.43
4191,50.0,0.76
4191,250.0,1.0
4192,2.0,0.43
4192,50.0,0.76
4192,250.0,1.0
4193,2.0,0.43
4193,50.0,0.76
4193,250.0,1.0
4194,2.0,0.43
4194,50.0,0.76
4194,250.0,1.0
4195,2.0,0.43
4195,50.0,0.76
4195,250.0,1.0
4200,2.0,0.43
4200,50.0,0.76
4200,250.0,1.0
4201,2.0,0.43
4201,50.0,0.76
4201,250.0,1.0
4202,2.0,0.43
4202,50.0,0.76
4202,250.0,1.0
4203,2.0,0.43
4203,50.0,0.76
4203,250.0,1.0
4204,2.0,0.43
4204,50.0,0.76
4204,250.0,1.0
4210,2.0,0.43
4210,50.0,0.76
4210,250.0,1.0
4211,2.0,0.43
4211,50.0,0.76
4211,250.0,1.0
4212,2.0,0.43
4212,50.0,0.76
4212,250.0,1.0
4213,2.0,0.43
4213,50.0,0.76
4213,250.0,1.0
4220,2.0,0.18
4220,50.0,0.34
4220,250.0,1.0
4221,2.0,0.18
4221,50.0,0.34
4221,250.0,1.0
4222,2.0,0.18
4222,50.0,0.34
4222,250.0,1.0
4223,2.0,0.18
4223,50.0,0.34
4223,250.0,1.0
4224,2.0,0.18
4224,50.0,0.34
4224,250.0,1.0
4230,2.0,0.18
4230,50.0,0.34
4230,250.0,1.0
4231,2.0,0.18
4231,50.0,0.34
4231,250.0,1.0
4232,2.0,0.18
4232,50.0,0.34
4232,250.0,1.0
4233,2.0,0.18
4233,50.0,0.34
4233,250.0,1.0
4234,2.0,0.18
4234,50.0,0.34
4234,250.0,1.0
4241,2.0,0.028
4241,16.0,0.039
4241,50.0,0.075
4241,75.0,0.111
4241,105.0,0.226
4241,150.0,0.446
4241,210.0,0.699
4241,2000.0,1.0
4242,2.0,0.024
4242,16.0,0.03
4242,50.0,0.075
4242,75.0,0.133
4242,105.0,0.28
4242,150.0,0.59
4242,210.0,0.815
4242,2000.0,1.0
4243,2.0,0.024
4243,16.0,0.028
4243,50.0,0.06
4243,75.0,0.115
4243,105.0,0.257
4243,150.0,0.465
4243,210.0,0.702
4243,2000.0,1.0
4251,2.0,0.029
4251,16.0,0.066
4251,50.0,0.157
4251,75.0,0.225
4251,105.0,0.359
4251,150.0,0.565
4251,210.0,0.763
4251,2000.0,1.0
4252,2.0,0.026
4252,16.0,0.04
4252,50.0,0.062
4252,75.0,0.111
4252,105.0,0.26
4252,150.0,0.581
4252,210.0,0.817
4252,2000.0,1.0
4253,2.0,0.023
4253,16.0,0.034
4253,50.0,0.081
4253,75.0,0.164
4253,105.0,0.342
4253,150.0,0.574
4253,210.0,0.787
4253,2000.0,1.0
4261,2.0,0.029
4261,16.0,0.048
4261,50.0,0.067
4261,75.0,0.083
4261,105.0,0.165
4261,150.0,0.39
4261,210.0,0.686
4261,2000.0,1.0
4262,2.0,0.023
4262,16.0,0.03
4262,50.0,0.041
4262,75.0,0.071
4262,105.0,0.164
4262,150.0,0.437
4262,210.0,0.723
4262,2000.0,1.0
4263,2.0,0.026
4263,16.0,0.029
4263,50.0,0.05
4263,75.0,0.091
4263,105.0,0.229
4263,150.0,0.481
4263,210.0,0.753
4263,2000.0,1.0
4271,2.0,0.026
4271,16.0,0.034
4271,50.0,0.046
4271,75.0,0.068
4271,105.0,0.189
4271,150.0,0.465
4271,210.0,0.74
4271,2000.0,1.0
4272,2.0,0.018
4272,16.0,0.028
4272,50.0,0.079
4272,75.0,0.132
4272,105.0,0.271
4272,150.0,0.513
4272,210.0,0.778
4272,2000.0,1.0
4273,2.0,0.015
4273,16.0,0.027
4273,50.0,0.059
4273,75.0,0.138
4273,105.0,0.323
4273,150.0,0.609
4273,210.0,0.824
4273,2000.0,1.0
4281,2.0,0.018
4281,16.0,0.039
4281,50.0,0.057
4281,75.0,0.08
4281,105.0,0.169
4281,150.0,0.426
4281,210.0,0.691
4281,2000.0,1.0
4282,2.0,0.027
4282,16.0,0.036
4282,50.0,0.074
4282,75.0,0.134
4282,105.0,0.288
4282,150.0,0.565
4282,210.0,0.798
4282,2000.0,1.0
4283,2.0,0.192
4283,16.0,0.3
4283,50.0,0.475
4283,75.0,0.495
4283,105.0,0.519
4283,150.0,0.565
4283,210.0,0.633
4283,2000.0,1.0
4284,2.0,0.374
4284,16.0,0.577
4284,50.0,0.869
4284,75.0,0.885
4284,105.0,0.892
4284,150.0,0.905
4284,210.0,0.923
4284,2000.0,1.0
4291,2.0,0.339
4291,16.0,0.397
4291,50.0,0.438
4291,75.0,0.465
4291,105.0,0.591
4291,150.0,0.85
4291,210.0,0.942
4291,2000.0,1.0
4310,50.0,0.075
4310,63.0,0.095
4310,125.0,0.32
4310,150.0,0.428
4310,180.0,0.582
4310,250.0,0.794
4310,500.0,0.971
4310,1000.0,0.995
4310,2000.0,1.0
4311,50.0,0.031
4311,63.0,0.043
4311,125.0,0.268
4311,150.0,0.37
4311,180.0,0.545
4311,250.0,0.798
4311,500.0,0.985
4311,1000.0,1.0
4340,50.0,0.052
4340,63.0,0.065
4340,125.0,0.333
4340,150.0,0.453
4340,180.0,0.615
4340,250.0,0.847
4340,500.0,0.992
4340,1000.0,1.0
4341,50.0,0.038
4341,63.0,0.052
4341,125.0,0.304
4341,150.0,0.421
4341,180.0,0.663
4341,250.0,0.816
4341,500.0,0.99
4341,1000.0,1.0
4390,,
4391,,
4410,,
4411,,
4412,,
4440,60.0,0.043
4440,100.0,0.05
4440,150.0,0.11
4440,200.0,0.24
4440,250.0,0.53
4440,300.0,0.775
4440,400.0,0.94
4440,500.0,0.975
4441,50.0,0.008
4441,75.0,0.02
4441,150.0,0.1
4441,175.0,0.2
4441,200.0,0.3
4441,255.0,0.7
4441,500.0,0.96
4441,1000.0,0.98
4442,80.0,0.011
4442,160.0,0.12
4442,250.0,0.38
4442,300.0,0.543
4442,600.0,0.956
4442,1000.0,0.99
4443,144.0,0.005
4443,219.0,0.12
4443,300.0,0.536
4443,490.0,0.943
4444,80.0,0.028
4444,160.0,0.136
4444,240.0,0.293
4444,315.0,0.508
4444,380.0,0.678
4444,440.0,0.79
4444,630.0,0.951
4445,94.0,0.06
4445,120.0,0.15
4445,200.0,0.37
4445,280.0,0.66
4445,500.0,0.99
4450,2.0,0.27
4450,20.0,0.732
4450,50.0,0.888
4450,100.0,0.949
4450,200.0,0.983
4460,2.0,0.256
4460,20.0,0.343
4460,50.0,0.391
4460,200.0,0.808
4460,2000.0,1.0
4470,2.0,0.12
4470,5.0,0.23
4470,20.0,0.32
4470,50.0,0.36
4470,200.0,0.47
4470,1000.0,1.0
4480,2.0,0.02
4480,50.0,0.076
4480,200.0,0.766
4480,2000.0,1.0
4490,2.0,0.015
4490,20.0,0.025
4490,50.0,0.045
4490,200.0,0.77
4490,2000.0,1.0
4500,2.0,0.1
4500,20.0,0.165
4500,50.0,0.23
4500,200.0,0.81
4500,2000.0,1.0
4510,2.0,0.107
4510,4.0,0.12
4510,8.0,0.138
4510,16.0,0.186
4510,32.0,0.401
4510,63.0,0.832
4510,125.0,0.874
4510,250.0,0.938
4510,500.0,0.987
4510,1000.0,0.998
4510,2000.0,1.0
4511,2.0,0.107
4511,4.0,0.12
4511,8.0,0.138
4511,16.0,0.186
4511,32.0,0.401
4511,63.0,0.832
4511,125.0,0.874
4511,250.0,0.938
4511,500.0,0.987
4511,1000.0,0.998
4511,2000.0,1.0
4512,2.0,0.107
4512,4.0,0.12
4512,8.0,0.138
4512,16.0,0.186
4512,32.0,0.401
4512,63.0,0.832
4512,125.0,0.874
4512,250.0,0.938
4512,500.0,0.987
4512,1000.0,0.998
4512,2000.0,1.0
4514,2.0,0.107
4514,4.0,0.12
4514,8.0,0.138
4514,16.0,0.186
4514,32.0,0.401
4514,63.0,0.832
4514,125.0,0.874
4514,250.0,0.938
4514,500.0,0.987
4514,1000.0,0.998
4514,2000.0,1.0
4520,2.0,0.007
4520,4.0,0.007
4520,8.0,0.007
4520,16.0,0.008
4520,32.0,0.009
4520,63.0,0.012
4520,125.0,0.104
4520,250.0,0.59
4520,500.0,0.909
4520,1000.0,0.985
4520,2000.0,1.0
4521,2.0,0.007
4521,4.0,0.007
4521,8.0,0.007
4521,16.0,0.008
4521,32.0,0.009
4521,63.0,0.012
4521,125.0,0.104
4521,250.0,0.59
4521,500.0,0.909
4521,1000.0,0.985
4521,2000.0,1.0
4522,2.0,0.007
4522,4.0,0.007
4522,8.0,0.007
4522,16.0,0.008
4522,32.0,0.009
4522,63.0,0.012
4522,125.0,0.104
4522,250.0,0.59
4522,500.0,0.909
4522,1000.0,0.985
4522,2000.0,1.0
4523,2.0,0.007
4523,4.0,0.007
4523,8.0,0.007
4523,16.0,0.008
4523,32.0,0.009
4523,63.0,0.012
4523,125.0,0.104
4523,250.0,0.59
4523,500.0,0.909
4523,1000.0,0.985
4523,2000.0,1.0
4530,2.0,0.268
4530,4.0,0.326
4530,8.0,0.411
4530,16.0,0.542
4530,32.0,0.709
4530,63.0,0.796
4530,125.0,0.832
4530,250.0,0.871
4530,500.0,0.969
4530,1000.0,0.996
4530,2000.0,1.0
4531,2.0,0.268
4531,4.0,0.326
4531,8.0,0.411
4531,16.0,0.542
4531,32.0,0.709
4531,63.0,0.796
4531,125.0,0.832
4531,250.0,0.871
4531,500.0,0.969
4531,1000.0,0.996
4531,2000.0,1.0
4532,2.0,0.268
4532,4.0,0.326
4532,8.0,0.411
4532,16.0,0.542
4532,32.0,0.709
4532,63.0,0.796
4532,125.0,0.832
4532,250.0,0.871
4532,500.0,0.969
4532,1000.0,0.996
4532,2000.0,1.0
4533,2.0,0.268
4533,4.0,0.326
4533,8.0,0.411
4533,16.0,0.542
4533,32.0,0.709
4533,63.0,0.796
4533,125.0,0.832
4533,250.0,0.871
4533,500.0,0.969
4533,1000.0,0.996
4533,2000.0,1.0
4540,4.0,0.196
4540,8.0,0.214
4540,16.0,0.242
4540,32.0,0.303
4540,63.0,0.467
4540,125.0,0.93
4540,250.0,0.998
4540,500.0,1.0
4540,1000.0,1.0
4540,2000.0,1.0
4541,4.0,0.196
4541,8.0,0.214
4541,16.0,0.242
4541,32.0,0.303
4541,63.0,0.467
4541,125.0,0.93
4541,250.0,0.998
4541,500.0,1.0
4541,1000.0,1.0
4541,2000.0,1.0
4542,4.0,0.196
4542,8.0,0.214
4542,16.0,0.242
4542,32.0,0.303
4542,63.0,0.467
4542,125.0,0.93
4542,250.0,0.998
4542,500.0,1.0
4542,1000.0,1.0
4542,2000.0,1.0
4543,4.0,0.196
4543,8.0,0.214
4543,16.0,0.242
4543,32.0,0.303
4543,63.0,0.467
4543,125.0,0.93
4543,250.0,0.998
4543,500.0,1.0
4543,1000.0,1.0
4543,2000.0,1.0
4544,4.0,0.196
4544,8.0,0.214
4544,16.0,0.242
4544,32.0,0.303
4544,63.0,0.467
4544,125.0,0.93
4544,250.0,0.998
4544,500.0,1.0
4544,1000.0,1.0
4544,2000.0,1.0
4550,1.0,0.354
4550,5.0,0.46
4550,10.0,0.558
4550,50.0,0.884
4550,250.0,0.96
4550,1000.0,1.0
4551,1.0,0.398
4551,5.0,0.498
4551,10.0,0.585
4551,50.0,0.912
4551,250.0,1.0
4551,1000.0,1.0
4552,1.0,0.307
4552,5.0,0.387
4552,10.0,0.584
4552,50.0,0.898
4552,250.0,0.999
4552,1000.0,1.0
4553,1.0,0.238
4553,5.0,0.288
4553,10.0,0.65
4553,50.0,0.839
4553,250.0,1.0
4553,1000.0,1.0
4560,1.0,0.354
4560,5.0,0.46
4560,10.0,0.558
4560,50.0,0.884
4560,250.0,0.96
4560,1000.0,1.0
4561,1.0,0.398
4561,5.0,0.498
4561,10.0,0.585
4561,50.0,0.912
4561,250.0,1.0
4561,1000.0,1.0
4562,1.0,0.238
4562,5.0,0.288
4562,10.0,0.65
4562,50.0,0.839
4562,250.0,1.0
4562,1000.0,1.0
4564,1.0,0.232
4564,5.0,0.313
4564,10.0,0.529
4564,50.0,0.842
4564,250.0,1.0
4564,1000.0,1.0
4570,1.0,0.071
4570,5.0,0.191
4570,10.0,0.316
4570,50.0,0.836
4570,250.0,0.966
4570,1000.0,1.0
4571,1.0,0.072
4571,5.0,0.163
4571,10.0,0.272
4571,50.0,0.812
4571,250.0,0.963
4571,1000.0,0.997
4572,1.0,0.145
4572,5.0,0.237
4572,10.0,0.315
4572,50.0,0.864
4572,250.0,0.973
4572,1000.0,1.0
4573,1.0,0.244
4573,5.0,0.336
4573,10.0,0.405
4573,50.0,0.814
4573,250.0,0.962
4573,1000.0,1.0
4574,1.0,0.222
4574,5.0,0.306
4574,10.0,0.395
4574,50.0,0.823
4574,250.0,0.938
4574,1000.0,1.0
4575,1.0,0.205
4575,5.0,0.273
4575,10.0,0.318
4575,50.0,0.54
4575,250.0,0.768
4575,1000.0,1.0
4580,1.0,0.069
4580,5.0,0.106
4580,10.0,0.111
4580,50.0,0.17
4580,250.0,0.402
4580,500.0,0.928
4580,1000.0,1.0
4581,1.0,0.067
4581,5.0,0.114
4581,10.0,0.121
4581,50.0,0.186
4581,250.0,0.403
4581,500.0,0.918
4581,1000.0,1.0
4582,1.0,0.153
4582,5.0,0.193
4582,10.0,0.218
4582,50.0,0.347
4582,250.0,0.528
4582,500.0,0.915
4582,1000.0,1.0
4583,1.0,0.042
4583,5.0,0.064
4583,10.0,0.065
4583,50.0,0.095
4583,250.0,0.268
4583,500.0,0.868
4583,1000.0,1.0
4590,2.0,0.24
4590,60.0,0.64
4590,200.0,0.85
4590,600.0,0.97
4590,2000.0,1.0
4591,2.0,0.24
4591,60.0,0.64
4591,200.0,0.85
4591,600.0,0.97
4591,2000.0,1.0
4592,2.0,0.24
4592,60.0,0.64
4592,200.0,0.85
4592,600.0,0.97
4592,2000.0,1.0
4600,2.0,0.24
4600,60.0,0.64
4600,200.0,0.85
4600,600.0,0.97
4600,2000.0,1.0
4601,2.0,0.24
4601,60.0,0.63
4601,200.0,0.84
4601,600.0,0.96
4601,2000.0,1.0
4602,2.0,0.24
4602,60.0,0.63
4602,200.0,0.84
4602,600.0,0.96
4602,2000.0,1.0
4610,2.0,0.24
4610,60.0,0.64
4610,200.0,0.85
4610,600.0,0.97
4610,2000.0,1.0
4611,2.0,0.24
4611,60.0,0.63
4611,200.0,0.84
4611,600.0,0.96
4611,2000.0,1.0
4612,2.0,0.24
4612,60.0,0.63
4612,200.0,0.84
4612,600.0,0.96
4612,2000.0,1.0
4620,2.0,0.24
4620,60.0,0.64
4620,200.0,0.85
4620,600.0,0.97
4620,2000.0,1.0
4621,2.0,0.24
4621,60.0,0.63
4621,200.0,0.84
4621,600.0,0.96
4621,2000.0,1.0
4622,2.0,0.24
4622,60.0,0.63
4622,200.0,0.84
4622,600.0,0.96
4622,2000.0,1.0
4650,2.0,0.01
4650,6.0,0.02
4650,20.0,0.03
4650,60.0,0.08
4650,200.0,0.21
4650,600.0,0.89
4650,2000.0,1.0
4651,2.0,0.01
4651,6.0,0.02
4651,20.0,0.03
4651,60.0,0.05
4651,200.0,0.23
4651,600.0,0.84
4651,2000.0,1.0
4660,2.0,0.04
4660,6.0,0.05
4660,20.0,0.07
4660,60.0,0.09
4660,200.0,0.25
4660,600.0,0.92
4660,2000.0,1.0
4661,2.0,0.03
4661,6.0,0.04
4661,20.0,0.05
4661,60.0,0.08
4661,200.0,0.21
4661,600.0,0.93
4661,2000.0,1.0
4670,2.0,0.07
4670,6.0,0.13
4670,20.0,0.37
4670,60.0,0.97
4670,200.0,0.99
4670,600.0,1.0
4670,2000.0,1.0
4671,2.0,0.09
4671,6.0,0.14
4671,20.0,0.35
4671,60.0,0.97
4671,200.0,1.0
4671,600.0,1.0
4671,2000.0,1.0
4672,2.0,0.18
4672,6.0,0.23
4672,20.0,0.44
4672,60.0,0.94
4672,200.0,0.99
4672,600.0,1.0
4672,2000.0,1.0
4673,2.0,0.14
4673,6.0,0.19
4673,20.0,0.4
4673,60.0,0.95
4673,200.0,0.97
4673,600.0,0.99
4673,2000.0,1.0
4680,2.0,0.473
4680,6.0,0.569
4680,20.0,0.736
4680,60.0,0.891
4680,200.0,0.984
4680,600.0,0.999
4680,2000.0,1.0
4681,2.0,0.544
4681,6.0,0.637
4681,20.0,0.803
4681,60.0,0.888
4681,200.0,0.977
4681,600.0,0.999
4681,2000.0,1.0
4690,1.0,0.174
4690,2.0,0.232
4690,50.0,0.762
4690,100.0,0.923
4690,250.0,0.995
4690,500.0,0.999
4690,2000.0,1.0
4700,1.0,0.265
4700,2.0,0.331
4700,50.0,0.884
4700,100.0,0.965
4700,250.0,0.995
4700,500.0,0.998
4700,2000.0,1.0
4710,1.0,0.094
4710,2.0,0.128
4710,50.0,0.492
4710,100.0,0.802
4710,250.0,0.991
4710,500.0,0.996
4710,2000.0,0.999
4720,1.0,0.04
4720,2.0,0.046
4720,50.0,0.091
4720,100.0,0.295
4720,250.0,0.746
4720,500.0,0.899
4720,2000.0,0.998
4750,,
4760,,
4770,2.0,0.24
4770,20.0,0.5
4770,200.0,0.87
4770,2000.0,0.98
4780,2.0,0.26
4780,20.0,0.51
4780,200.0,0.91
4780,2000.0,0.98
4790,2.0,0.27
4790,20.0,0.32
4790,200.0,0.7
4790,2000.0,0.99
4791,2.0,0.23
4791,20.0,0.27
4791,200.0,0.75
4791,2000.0,0.98
4800,2.0,0.24
4800,20.0,0.5
4800,200.0,0.87
4800,2000.0,0.98
4801,2.0,0.24
4801,20.0,0.5
4801,200.0,0.87
4801,2000.0,0.98
4810,100.0,0.02
4810,250.0,0.13
4810,500.0,0.48
4810,1000.0,0.99
4810,2000.0,1.0
4870,,
4880,,
4881,,
4890,,
4910,,
4920,,
4921,,
4922,,
4923,,
4940,250.0,0.362
4940,500.0,0.62
4940,700.0,0.842
4940,1400.0,1.001
4941,250.0,0.348
4941,500.0,0.591
4941,700.0,0.838
4941,1400.0,1.001
4950,20.0,0.1
4950,150.0,0.5
4950,300.0,0.6
4950,2000.0,1.0
4960,,
