general_code,summary_of_tabular_data_field_code,CountOfdry_aggregate_size,CountOfmineral_type,CountOfparticle_size,count_fld_dry_h-k_CountOfpreshead,count_fld_dry_h-t_CountOfpreshead,count_fld_dry_t-d_CountOftheta,count_fld_dry_t-k_CountOftheta,count_fld_wet_h-k_CountOfpreshead,count_fld_wet_h-t_CountOfpreshead,count_fld_wet_t-d_CountOftheta,count_fld_wet_t-k_CountOftheta,summary_of_tabular_data_lab_code,count_lab_dry_h-k_CountOfpreshead,count_lab_dry_h-t_CountOfpreshead,count_lab_dry_t-d_CountOftheta,count_lab_dry_t-k_CountOftheta,count_lab_wet_h-k_CountOfpreshead,count_lab_wet_h-t_CountOfpreshead,count_lab_wet_t-d_CountOftheta,count_lab_wet_t-k_CountOftheta
1010,1010,0,0,7,11,17,0,11,0,0,0,0,1010,0,9,0,0,0,0,0,0
1011,1011,0,0,7,12,31,0,12,0,0,0,0,1011,0,9,0,0,0,0,0,0
1012,1012,0,0,7,15,30,0,15,0,0,0,0,1012,0,10,0,0,0,0,0,0
1013,1013,0,0,7,13,14,0,13,0,0,0,0,1013,0,12,0,0,0,0,0,0
1014,1014,0,0,7,9,0,0,9,0,0,0,0,1014,0,11,0,0,0,0,0,0
1015,1015,0,0,7,9,0,0,9,0,0,0,0,1015,0,11,0,0,0,0,0,0
1020,1020,0,0,7,29,0,0,30,0,0,0,0,1020,0,10,0,0,0,0,0,0
1021,1021,0,0,7,28,0,0,28,0,0,0,0,1021,0,10,0,0,0,0,0,0
1022,1022,0,0,7,34,0,0,42,0,0,0,0,1022,0,10,0,0,0,0,0,0
1023,1023,0,0,7,14,0,0,14,0,0,0,0,1023,0,9,0,0,0,0,0,0
1024,1024,0,0,7,9,0,0,9,0,0,0,0,1024,0,9,0,0,0,0,0,0
1030,1030,0,0,7,0,0,0,31,0,0,0,0,1030,0,11,0,0,0,0,0,0
1031,1031,0,0,7,0,0,0,51,0,0,0,0,1031,0,11,0,0,0,0,0,0
1032,1032,0,0,7,0,0,0,32,0,0,0,0,1032,0,11,0,0,0,0,0,0
1040,1040,0,0,0,0,0,0,31,0,0,0,0,1040,0,12,0,0,0,0,0,0
1041,1041,0,0,7,0,0,0,56,0,0,0,0,1041,0,12,0,0,0,0,0,0
1042,1042,0,0,7,0,0,0,27,0,0,0,0,1042,0,12,0,0,0,0,0,0
1043,1043,0,0,7,0,0,0,50,0,0,0,0,1043,0,12,0,0,0,0,0,0
1050,1050,0,0,7,0,0,0,27,0,0,0,0,1050,0,14,0,0,0,0,0,0
1051,1051,0,0,7,0,0,0,27,0,0,0,0,1051,0,10,0,0,0,0,0,0
1052,1052,0,0,7,0,0,0,52,0,0,0,0,1052,0,14,0,0,0,0,0,0
1053,1053,0,0,7,0,0,0,27,0,0,0,0,1053,0,14,0,0,0,0,0,0
1054,1054,0,0,7,0,0,0,26,0,0,0,0,1054,0,14,0,0,0,0,0,0
1060,1060,0,0,7,0,0,0,25,0,0,0,0,1060,0,14,0,0,0,0,0,0
1061,1061,0,0,7,0,0,0,25,0,0,0,0,1061,0,14,0,0,0,0,0,0
1062,1062,0,0,7,0,0,0,47,0,0,0,0,1062,0,14,0,0,0,0,0,0
1063,1063,0,0,7,0,0,0,50,0,0,0,0,1063,0,14,0,0,0,0,0,0
1070,1070,0,0,7,0,0,0,23,0,0,0,0,1070,0,14,0,0,0,0,0,0
1071,1071,0,0,7,0,0,0,23,0,0,0,0,1071,0,14,0,0,0,0,0,0
1072,1072,0,0,7,0,0,0,23,0,0,0,0,1072,0,14,0,0,0,0,0,0
1073,1073,0,0,7,0,0,0,23,0,0,0,0,1073,0,14,0,0,0,0,0,0
1074,1074,0,0,7,0,0,0,23,0,0,0,0,1074,0,14,0,0,0,0,0,0
1075,1075,0,0,7,0,0,0,22,0,0,0,0,1075,0,14,0,0,0,0,0,0
1080,1080,0,0,3,0,0,0,0,0,0,0,0,1080,18,0,0,17,0,0,0,0
1081,1081,0,0,3,0,0,0,0,0,0,0,0,1081,14,0,0,13,0,0,0,0
1082,1082,0,0,3,0,0,0,0,0,0,0,0,1082,14,0,0,14,0,0,0,0
1083,1083,0,0,3,0,0,0,0,0,0,0,0,1083,14,0,0,14,0,0,0,0
1084,1084,0,0,3,0,0,0,0,0,0,0,0,1084,14,0,0,14,0,0,0,0
1085,1085,0,0,3,0,0,0,0,0,0,0,0,1085,14,0,0,13,0,0,0,0
1086,1086,0,0,3,0,0,0,0,0,0,0,0,1086,14,0,0,14,0,0,0,0
1087,1087,0,0,3,0,0,0,0,0,0,0,0,1087,14,0,0,13,0,0,0,0
1090,1090,0,0,7,0,0,0,36,0,0,0,0,1090,0,15,0,0,0,0,0,0
1091,1091,0,0,7,0,0,0,15,0,0,0,0,1091,0,15,0,0,0,0,0,0
1092,1092,0,0,7,0,0,0,17,0,0,0,0,1092,0,15,0,0,0,0,0,0
1100,1100,0,0,7,0,0,0,19,0,0,0,0,1100,0,9,0,0,0,0,0,0
1101,1101,0,0,7,0,0,0,18,0,0,0,0,1101,0,9,0,0,0,0,0,0
1102,1102,0,0,7,0,0,0,16,0,0,0,0,1102,0,9,0,0,0,0,0,0
1103,1103,0,0,7,0,0,0,40,0,0,0,0,1103,0,9,0,0,0,0,0,0
1104,1104,0,0,7,0,0,0,26,0,0,0,0,1104,0,9,0,0,0,0,0,0
1110,1110,0,0,7,0,0,0,26,0,0,0,0,1110,0,11,0,0,0,0,0,0
1111,1111,0,0,7,0,0,0,25,0,0,0,0,1111,0,11,0,0,0,0,0,0
1112,1112,0,0,7,0,0,0,15,0,0,0,0,1112,0,11,0,0,0,0,0,0
1113,1113,0,0,7,0,0,0,15,0,0,0,0,1113,0,11,0,0,0,0,0,0
1114,1114,0,0,7,0,0,0,12,0,0,0,0,1114,0,11,0,0,0,0,0,0
1115,1115,0,0,7,0,0,0,11,0,0,0,0,1115,0,11,0,0,0,0,0,0
1116,1116,0,0,7,0,0,0,6,0,0,0,0,1116,0,11,0,0,0,0,0,0
1117,1117,0,0,7,0,0,0,5,0,0,0,0,1117,0,11,0,0,0,0,0,0
1120,1120,0,0,7,0,7,0,7,0,0,0,0,1120,0,10,0,0,0,0,0,0
1121,1121,0,0,7,0,21,0,14,0,0,0,0,1121,0,9,0,0,0,0,0,0
1122,1122,0,0,7,0,7,0,6,0,0,0,0,1122,0,10,0,0,0,0,0,0
1123,1123,0,0,7,0,3,0,6,0,0,0,0,1123,0,10,0,0,0,0,0,0
1130,1130,0,0,7,0,13,0,11,0,0,0,0,1130,0,15,0,0,0,0,0,0
1131,1131,0,0,7,0,12,0,12,0,0,0,0,1131,0,15,0,0,0,0,0,0
1132,1132,0,0,7,0,13,0,11,0,0,0,0,1132,0,15,0,0,0,0,0,0
1133,1133,0,0,7,0,9,0,10,0,0,0,0,1133,0,15,0,0,0,0,0,0
1134,1134,0,0,7,0,5,0,6,0,0,0,0,1134,0,15,0,0,0,0,0,0
1135,1135,0,0,7,0,0,0,2,0,0,0,0,1135,0,15,0,0,0,0,0,0
1140,1140,0,0,7,0,0,0,12,0,0,0,0,1140,0,14,0,0,0,0,0,0
1141,1141,0,0,7,0,0,0,12,0,0,0,0,1141,0,14,0,0,0,0,0,0
1142,1142,0,0,7,0,0,0,11,0,0,0,0,1142,0,14,0,0,0,0,0,0
1143,1143,0,0,7,0,0,0,10,0,0,0,0,1143,0,14,0,0,0,0,0,0
1150,1150,0,0,7,0,7,0,14,0,0,0,0,1150,0,0,0,0,0,0,0,0
1151,1151,0,0,7,0,7,0,15,0,0,0,0,1151,0,0,0,0,0,0,0,0
1152,1152,0,0,7,0,7,0,15,0,0,0,0,1152,0,0,0,0,0,0,0,0
1160,1160,0,0,7,0,0,0,18,0,0,0,0,1160,0,15,0,0,0,0,0,0
1161,1161,0,0,7,0,0,0,17,0,0,0,0,1161,0,15,0,0,0,0,0,0
1162,1162,0,0,7,0,0,0,12,0,0,0,0,1162,0,15,0,0,0,0,0,0
1163,1163,0,0,7,0,0,0,11,0,0,0,0,1163,0,15,0,0,0,0,0,0
1164,1164,0,0,7,0,0,0,11,0,0,0,0,1164,0,15,0,0,0,0,0,0
1165,1165,0,0,7,0,0,0,12,0,0,0,0,1165,0,15,0,0,0,0,0,0
1166,1166,0,0,7,0,0,0,22,0,0,0,0,1166,0,15,0,0,0,0,0,0
1170,1170,0,0,3,0,0,0,9,0,0,0,0,1170,0,11,0,0,0,0,0,0
1171,1171,0,0,3,0,0,0,9,0,0,0,0,1171,0,11,0,0,0,0,0,0
1172,1172,0,0,3,0,0,0,16,0,0,0,0,1172,0,11,0,0,0,0,0,0
1173,1173,0,0,3,0,0,0,8,0,0,0,0,1173,0,11,0,0,0,0,0,0
1174,1174,0,0,3,0,0,0,7,0,0,0,0,1174,0,11,0,0,0,0,0,0
1180,1180,0,0,3,11,0,0,11,0,0,0,0,1180,0,13,0,0,0,0,0,0
1181,1181,0,0,3,13,0,0,13,0,0,0,0,1181,0,12,0,0,0,0,0,0
1182,1182,0,0,3,14,0,0,14,0,0,0,0,1182,0,13,0,0,0,0,0,0
1183,1183,0,0,3,13,0,0,12,0,0,0,0,1183,0,13,0,0,0,0,0,0
1184,1184,0,0,3,13,0,0,12,0,0,0,0,1184,0,13,0,0,0,0,0,0
1190,1190,0,0,7,56,0,0,56,0,0,0,0,1190,0,8,0,0,0,0,0,0
1191,1191,0,0,7,0,0,0,0,0,0,0,0,1191,0,6,0,0,0,0,0,0
1192,1192,0,0,7,87,0,0,24,0,0,0,0,1192,0,7,0,0,0,0,0,0
1193,1193,0,0,7,61,0,0,20,0,0,0,0,1193,0,7,0,0,0,0,0,0
1194,1194,0,0,7,64,0,0,14,0,0,0,0,1194,0,8,0,0,0,0,0,0
1200,1200,0,0,7,26,0,0,22,0,0,0,0,1200,0,11,0,0,0,0,0,0
1201,1201,0,0,7,26,0,0,24,0,0,0,0,1201,0,11,0,0,0,0,0,0
1202,1202,0,0,7,26,0,0,22,0,0,0,0,1202,0,11,0,0,0,0,0,0
1203,1203,0,0,7,29,0,0,28,0,0,0,0,1203,0,11,0,0,0,0,0,0
1204,1204,0,0,7,27,0,0,28,0,0,0,0,1204,0,11,0,0,0,0,0,0
1210,1210,0,0,7,23,0,0,25,0,0,0,0,1210,0,9,0,0,0,0,0,0
1211,1211,0,0,7,17,0,0,17,0,0,0,0,1211,0,13,0,0,0,0,0,0
1212,1212,0,0,7,20,0,0,24,0,0,0,0,1212,0,10,0,0,0,0,0,0
1213,1213,0,0,7,16,0,0,17,0,0,0,0,1213,0,9,0,0,0,0,0,0
1220,1220,0,0,0,0,0,0,10,0,0,0,0,1220,0,0,0,0,0,0,0,0
1221,1221,0,0,0,0,0,0,10,0,0,0,0,1221,0,9,0,0,0,0,0,0
1222,1222,0,0,0,0,0,0,20,0,0,0,0,1222,0,9,0,0,0,0,0,0
1223,1223,0,0,0,0,0,0,19,0,0,0,0,1223,0,0,0,0,0,0,0,0
1224,1224,0,0,0,0,0,0,39,0,0,0,0,1224,0,9,0,0,0,0,0,0
1225,1225,0,0,0,0,0,0,47,0,0,0,0,1225,0,9,0,0,0,0,0,0
1230,1230,0,0,0,0,0,0,20,0,0,0,0,1230,0,7,0,0,0,0,0,0
1231,1231,0,0,0,0,0,0,20,0,0,0,0,1231,0,7,0,0,0,0,0,0
1232,1232,0,0,0,0,0,0,18,0,0,0,0,1232,0,7,0,0,0,0,0,0
1233,1233,0,0,0,0,0,0,20,0,0,0,0,1233,0,7,0,0,0,0,0,0
1234,1234,0,0,0,0,0,0,20,0,0,0,0,1234,0,7,0,0,0,0,0,0
1235,1235,0,0,0,0,0,0,18,0,0,0,0,1235,0,7,0,0,0,0,0,0
1236,1236,0,0,0,0,0,0,17,0,0,0,0,1236,0,7,0,0,0,0,0,0
1237,1237,0,0,0,0,0,0,19,0,0,0,0,1237,0,7,0,0,0,0,0,0
1240,1240,0,0,15,20,30,0,25,0,0,0,0,1240,9,0,0,9,0,0,0,0
1241,1241,0,0,15,28,30,0,64,0,0,0,0,1241,14,0,0,13,0,0,0,0
1260,1260,0,0,15,11,12,0,11,0,0,0,0,1260,0,0,0,0,0,0,0,0
1261,1261,0,0,15,11,12,0,11,0,0,0,0,1261,0,0,0,0,0,0,0,0
1270,1270,0,0,0,0,0,0,0,0,0,0,0,1270,5,8,0,0,0,4,0,0
1280,1280,0,0,7,0,0,0,0,0,0,0,0,1280,49,10,0,41,0,0,0,0
1281,1281,0,0,7,0,0,0,0,0,0,0,0,1281,49,10,0,44,0,0,0,0
1282,1282,0,0,7,0,0,0,0,0,0,0,0,1282,49,10,0,48,0,0,0,0
1290,1290,0,0,3,0,0,0,0,0,0,0,0,1290,74,10,0,0,0,0,0,0
1300,1300,0,0,3,0,0,0,0,0,0,0,0,1300,0,26,0,9,0,9,0,4
1301,1301,0,0,3,0,0,0,0,0,0,0,0,1301,0,20,0,7,0,16,0,6
1310,1310,0,0,3,0,0,0,0,0,0,0,0,1310,0,9,0,6,0,11,0,7
1320,1320,0,0,6,0,0,0,0,0,0,0,0,1320,54,7,0,0,0,0,0,0
1330,1330,0,0,3,19,32,0,0,0,0,0,0,1330,23,21,0,0,0,0,0,0
1331,1331,0,0,3,16,21,0,0,0,0,0,0,1331,34,20,0,0,0,0,0,0
1340,1340,0,0,7,0,0,0,0,0,0,0,0,1340,0,10,10,0,0,0,0,0
1341,1341,0,0,7,0,0,0,0,0,0,0,0,1341,0,10,10,0,0,0,0,0
1342,1342,0,0,7,0,0,0,0,0,0,0,0,1342,0,10,10,0,0,0,0,0
1350,1350,0,0,7,0,0,0,0,0,0,0,0,1350,0,10,10,0,0,0,0,0
1351,1351,0,0,7,0,0,0,0,0,0,0,0,1351,0,10,10,0,0,0,0,0
1352,1352,0,0,7,0,0,0,0,0,0,0,0,1352,0,10,10,0,0,0,0,0
1360,1360,0,0,7,0,0,0,0,0,0,0,0,1360,43,10,0,33,0,0,0,0
1361,1361,0,0,7,0,0,0,0,0,0,0,0,1361,45,10,0,39,0,0,0,0
1362,1362,0,0,7,0,0,0,0,0,0,0,0,1362,44,10,0,39,0,0,0,0
1370,1370,0,0,7,0,0,0,0,0,0,0,0,1370,48,10,0,45,0,0,0,0
1371,1371,0,0,7,0,0,0,0,0,0,0,0,1371,48,10,0,39,0,0,0,0
1372,1372,0,0,7,0,0,0,0,0,0,0,0,1372,45,10,0,38,0,0,0,0
1380,1380,0,0,7,0,0,0,0,0,0,0,0,1380,47,9,0,43,0,0,0,0
1381,1381,0,0,7,0,0,0,0,0,0,0,0,1381,47,10,0,39,0,0,0,0
1382,1382,0,0,7,0,0,0,0,0,0,0,0,1382,46,10,0,44,0,0,0,0
1383,1383,0,0,7,0,0,0,0,0,0,0,0,1383,49,10,0,40,0,0,0,0
1390,1390,0,0,3,0,0,0,0,0,0,0,0,1390,45,10,0,43,0,0,0,0
1391,1391,0,0,3,0,0,0,0,0,0,0,0,1391,47,10,0,45,0,0,0,0
1392,1392,0,0,3,0,0,0,0,0,0,0,0,1392,47,10,0,43,0,0,0,0
1400,1400,0,0,7,0,0,0,0,0,0,0,0,1400,28,10,0,27,0,0,0,0
1410,1410,0,0,2,0,0,0,0,0,0,0,0,1410,0,18,0,0,0,17,0,16
1420,1420,0,0,3,0,0,0,0,0,0,0,0,1420,0,28,0,0,0,0,8,0
1430,1430,0,0,7,0,0,0,0,0,0,0,0,1430,0,0,0,0,5,6,5,5
1440,1440,0,0,7,0,0,0,0,0,0,0,0,1440,0,0,7,0,7,8,0,7
1450,1450,0,0,7,0,0,0,0,0,0,0,0,1450,0,0,5,0,0,6,0,0
1460,1460,0,0,8,0,0,0,0,0,0,0,0,1460,7,10,0,7,0,0,0,0
1461,1461,0,0,8,0,0,0,0,0,0,0,0,1461,7,9,0,7,0,0,0,0
1462,1462,0,0,8,0,0,0,0,0,0,0,0,1462,6,10,0,7,0,0,0,0
1463,1463,0,0,8,0,0,0,0,0,0,0,0,1463,7,10,0,7,0,0,0,0
1464,1464,0,0,8,0,0,0,0,0,0,0,0,1464,7,10,0,7,0,0,0,0
1465,1465,0,0,8,0,0,0,0,0,0,0,0,1465,7,10,0,7,0,0,0,0
1466,1466,0,0,8,0,0,0,0,0,0,0,0,1466,7,10,0,7,0,0,0,0
1467,1467,0,0,8,0,0,0,0,0,0,0,0,1467,7,10,0,5,0,0,0,0
1480,1480,0,0,0,0,0,0,0,0,0,0,0,1480,11,11,0,0,0,0,0,0
1481,1481,0,0,0,0,0,0,0,0,0,0,0,1481,8,11,0,0,0,0,0,0
1482,1482,0,0,0,0,0,0,0,0,0,0,0,1482,11,11,0,0,0,0,0,0
1490,1490,0,0,7,0,0,0,0,0,0,0,0,1490,39,10,0,38,0,0,0,0
2000,2000,0,0,7,0,0,0,0,0,0,0,0,2000,0,10,10,0,0,0,0,0
2001,2001,0,0,7,0,0,0,0,0,0,0,0,2001,0,10,10,0,0,0,0,0
2002,2002,0,0,7,0,0,0,0,0,0,0,0,2002,0,10,10,0,0,0,0,0
2010,2010,0,0,7,0,0,0,0,0,0,0,0,2010,0,10,10,0,0,0,0,0
2011,2011,0,0,7,0,0,0,0,0,0,0,0,2011,0,10,10,0,0,0,0,0
2012,2012,0,0,7,0,0,0,0,0,0,0,0,2012,0,10,10,0,0,0,0,0
2020,2020,0,0,3,15,0,0,15,0,0,0,0,2020,0,8,0,0,0,8,0,0
2021,2021,0,0,3,11,0,0,11,0,0,0,0,2021,0,8,0,0,0,8,0,0
2022,2022,0,0,3,9,0,0,6,0,0,0,0,2022,0,8,0,0,0,8,0,0
2030,2030,0,0,0,12,0,0,12,0,0,0,0,2030,0,8,0,0,0,0,0,0
2031,2031,0,0,0,9,0,0,9,0,0,0,0,2031,0,8,0,0,0,0,0,0
2032,2032,0,0,0,7,0,0,7,0,0,0,0,2032,0,8,0,0,0,0,0,0
2040,2040,0,0,0,31,0,0,36,0,0,0,0,2040,0,8,0,0,0,0,0,0
2041,2041,0,0,0,29,0,0,29,0,0,0,0,2041,0,8,0,0,0,0,0,0
2050,2050,0,0,0,16,0,0,10,0,0,0,0,2050,0,8,0,0,0,0,0,0
2051,2051,0,0,0,13,0,0,13,0,0,0,0,2051,0,8,0,0,0,0,0,0
2060,2060,0,0,0,13,0,0,13,0,0,0,0,2060,0,8,0,0,0,0,0,0
2061,2061,0,0,0,13,0,0,13,0,0,0,0,2061,0,8,0,0,0,0,0,0
2070,2070,0,0,0,35,0,0,33,0,0,0,0,2070,0,8,0,0,0,0,0,0
2071,2071,0,0,0,15,0,0,15,0,0,0,0,2071,0,8,0,0,0,0,0,0
2080,2080,0,0,0,30,0,0,33,0,0,0,0,2080,0,8,0,0,0,0,0,0
2081,2081,0,0,0,21,0,0,22,0,0,0,0,2081,0,8,0,0,0,0,0,0
2090,2090,0,0,0,35,0,0,38,0,0,0,0,2090,0,8,0,0,0,0,0,0
2091,2091,0,0,0,15,0,0,15,0,0,0,0,2091,0,8,0,0,0,0,0,0
2092,2092,0,0,0,13,0,0,13,0,0,0,0,2092,0,8,0,0,0,0,0,0
2100,2100,0,0,9,7,17,0,7,0,0,0,0,2100,0,6,0,0,0,0,0,0
2101,2101,0,0,9,7,17,0,7,0,0,0,0,2101,0,5,0,0,0,0,0,0
2102,2102,0,0,9,7,17,0,7,0,0,0,0,2102,0,6,0,0,0,0,0,0
2103,2103,0,0,9,7,17,0,7,0,0,0,0,2103,0,7,0,0,0,0,0,0
2104,2104,0,0,9,7,17,0,7,0,0,0,0,2104,0,6,0,0,0,0,0,0
2105,2105,0,0,9,7,17,0,7,0,0,0,0,2105,0,6,0,0,0,0,0,0
2110,2110,0,0,7,0,0,0,8,0,0,0,0,2110,0,14,0,0,0,0,0,0
2111,2111,0,0,7,0,0,0,7,0,0,0,0,2111,0,14,0,0,0,0,0,0
2120,2120,0,0,3,0,0,0,14,0,0,0,0,2120,0,14,0,0,0,0,0,0
2121,2121,0,0,3,0,0,0,14,0,0,0,0,2121,0,14,0,0,0,0,0,0
2122,2122,0,0,3,0,0,0,13,0,0,0,0,2122,0,14,0,0,0,0,0,0
2123,2123,0,0,3,0,0,0,16,0,0,0,0,2123,0,14,0,0,0,0,0,0
2124,2124,0,0,3,0,0,0,16,0,0,0,0,2124,0,14,0,0,0,0,0,0
2125,2125,0,0,3,0,0,0,8,0,0,0,0,2125,0,14,0,0,0,0,0,0
2126,2126,0,0,3,0,0,0,9,0,0,0,0,2126,0,14,0,0,0,0,0,0
2130,2130,0,0,3,0,0,0,7,0,0,0,0,2130,0,14,0,0,0,0,0,0
2131,2131,0,0,3,0,0,0,4,0,0,0,0,2131,0,14,0,0,0,0,0,0
2132,2132,0,0,3,0,0,0,4,0,0,0,0,2132,0,14,0,0,0,0,0,0
2140,2140,0,0,0,8,0,0,0,0,4,0,0,2140,0,6,0,0,4,3,0,0
2141,2141,0,0,0,0,0,0,0,0,0,0,0,2141,0,0,0,0,0,12,0,43
2150,2150,0,0,0,4,4,0,0,0,0,0,0,2150,0,7,0,0,0,3,0,17
2151,2151,0,0,0,4,0,0,0,0,4,0,0,2151,0,7,0,0,0,3,0,14
2160,2160,0,0,4,5,0,0,0,0,0,0,0,2160,5,9,0,5,0,0,0,0
2161,2161,0,0,4,4,0,0,0,0,0,0,0,2161,5,9,0,5,0,0,0,0
2170,2170,0,0,3,5,0,0,5,0,0,0,0,2170,4,5,0,4,0,0,0,0
2171,2171,0,0,3,4,0,0,4,0,0,0,0,2171,4,5,0,4,0,0,0,0
2180,2180,0,0,3,6,0,0,6,0,0,0,0,2180,4,3,0,4,0,0,0,0
2181,2181,0,0,3,6,0,0,6,0,0,0,0,2181,4,5,0,4,0,0,0,0
2190,2190,0,0,3,0,0,0,0,0,0,0,0,2190,0,6,0,0,0,0,0,0
2191,2191,0,0,3,0,0,0,0,0,0,0,0,2191,0,6,0,0,0,0,0,0
2192,2192,0,0,3,0,0,0,0,0,0,0,0,2192,0,6,0,0,0,0,0,0
2193,2193,0,0,3,0,0,0,0,0,0,0,0,2193,0,6,0,0,0,0,0,0
2194,2194,0,0,3,0,0,0,0,0,0,0,0,2194,0,6,0,0,0,0,0,0
2195,2195,0,0,3,0,0,0,0,0,0,0,0,2195,0,6,0,0,0,0,0,0
2196,2196,0,0,3,0,0,0,0,0,0,0,0,2196,0,6,0,0,0,0,0,0
2197,2197,0,0,3,0,0,0,0,0,0,0,0,2197,0,6,0,0,0,0,0,0
2198,2198,0,0,3,0,0,0,0,0,0,0,0,2198,0,6,0,0,0,0,0,0
2200,2200,0,0,7,0,0,0,0,0,0,0,0,2200,0,8,0,0,0,0,0,0
2201,2201,0,0,7,0,0,0,0,0,0,0,0,2201,0,8,0,0,0,0,0,0
2202,2202,0,0,7,0,0,0,0,0,0,0,0,2202,0,5,0,0,0,0,0,0
2203,2203,0,0,7,0,0,0,0,0,0,0,0,2203,0,8,0,0,0,0,0,0
2210,2210,0,0,9,0,0,0,0,0,0,0,0,2210,8,7,0,9,0,0,0,0
2211,2211,0,0,9,0,0,0,0,0,0,0,0,2211,7,6,0,7,0,0,0,0
2212,2212,0,0,9,0,0,0,0,0,0,0,0,2212,3,3,0,3,0,0,0,0
2213,2213,0,0,9,0,0,0,0,0,0,0,0,2213,7,7,0,8,0,0,0,0
2214,2214,0,0,9,0,0,0,0,0,0,0,0,2214,2,2,0,6,0,0,0,0
2215,2215,0,0,9,0,0,0,0,0,0,0,0,2215,2,2,0,3,0,0,0,0
2216,2216,0,0,9,0,0,0,0,0,0,0,0,2216,4,4,0,8,0,0,0,0
2217,2217,0,0,9,0,0,0,0,0,0,0,0,2217,4,4,0,7,0,0,0,0
2220,2220,0,0,16,0,0,0,0,0,0,0,0,2220,19,16,0,19,0,0,0,0
2221,2221,0,0,16,0,0,0,0,0,0,0,0,2221,25,24,0,25,0,0,0,0
2230,2230,0,0,0,0,0,0,0,0,0,0,0,2230,10,16,0,0,0,0,0,0
2231,2231,0,0,0,0,0,0,0,0,0,0,0,2231,9,16,0,0,0,0,0,0
2232,2232,0,0,0,0,0,0,0,0,0,0,0,2232,10,16,0,0,0,0,0,0
2240,2240,0,0,3,0,0,0,0,0,0,0,0,2240,10,16,0,0,0,0,0,0
2241,2241,0,0,3,0,0,0,0,0,0,0,0,2241,7,22,0,0,0,0,0,0
2242,2242,0,0,3,0,0,0,0,0,0,0,0,2242,11,12,0,0,0,0,0,0
2243,2243,0,0,3,0,0,0,0,0,0,0,0,2243,10,22,0,0,0,0,0,0
2250,2250,0,0,3,0,0,0,0,0,0,0,0,2250,5,9,0,0,0,0,0,0
2251,2251,0,0,3,0,0,0,0,0,0,0,0,2251,8,8,0,0,0,0,0,0
2252,2252,0,0,3,0,0,0,0,0,0,0,0,2252,7,9,0,0,0,0,0,0
2253,2253,0,0,3,0,0,0,0,0,0,0,0,2253,9,7,0,0,0,0,0,0
2260,2260,0,0,3,0,0,0,0,0,0,0,0,2260,13,0,0,0,0,0,0,0
2261,2261,0,0,3,0,0,0,0,0,0,0,0,2261,8,0,0,0,0,0,0,0
2262,2262,0,0,3,0,0,0,0,0,0,0,0,2262,7,0,0,0,0,0,0,0
2270,2270,0,0,3,0,0,0,0,0,0,0,0,2270,6,0,0,0,0,0,0,0
2271,2271,0,0,3,0,0,0,0,0,0,0,0,2271,8,0,0,0,0,0,0,0
2272,2272,0,0,3,0,0,0,0,0,0,0,0,2272,8,0,0,0,0,0,0,0
2273,2273,0,0,3,0,0,0,0,0,0,0,0,2273,10,0,0,0,0,0,0,0
2280,2280,0,0,3,0,0,0,0,0,0,0,0,2280,9,0,0,0,0,0,0,0
2281,2281,0,0,3,0,0,0,0,0,0,0,0,2281,12,0,0,0,0,0,0,0
2282,2282,0,0,3,0,0,0,0,0,0,0,0,2282,12,0,0,0,0,0,0,0
2283,2283,0,0,3,0,0,0,0,0,0,0,0,2283,7,0,0,0,0,0,0,0
2290,2290,0,0,3,0,0,0,0,0,0,0,0,2290,9,0,0,0,0,0,0,0
2291,2291,0,0,3,0,0,0,0,0,0,0,0,2291,10,0,0,0,0,0,0,0
2292,2292,0,0,3,0,0,0,0,0,0,0,0,2292,10,0,0,0,0,0,0,0
2293,2293,0,0,3,0,0,0,0,0,0,0,0,2293,7,0,0,0,0,0,0,0
2300,2300,0,0,3,0,0,0,0,0,0,0,0,2300,9,0,0,0,0,0,0,0
2301,2301,0,0,3,0,0,0,0,0,0,0,0,2301,11,0,0,0,0,0,0,0
2302,2302,0,0,3,0,0,0,0,0,0,0,0,2302,9,0,0,0,0,0,0,0
2303,2303,0,0,3,0,0,0,0,0,0,0,0,2303,9,0,0,0,0,0,0,0
2304,2304,0,0,3,0,0,0,0,0,0,0,0,2304,13,0,0,0,0,0,0,0
2305,2305,0,0,3,0,0,0,0,0,0,0,0,2305,15,0,0,0,0,0,0,0
2306,2306,0,0,3,0,0,0,0,0,0,0,0,2306,9,0,0,0,0,0,0,0
2307,2307,0,0,3,0,0,0,0,0,0,0,0,2307,8,0,0,0,0,0,0,0
2310,2310,0,0,6,0,0,0,0,0,0,0,0,2310,0,16,0,7,0,16,0,5
2320,2320,0,0,7,0,0,0,0,0,0,0,0,2320,10,7,0,0,0,0,0,0
2321,2321,0,0,7,0,0,0,0,0,0,0,0,2321,11,7,0,0,0,0,0,0
2330,2330,0,0,0,0,0,0,0,0,0,0,0,2330,11,7,0,0,0,0,0,0
2331,2331,0,0,0,0,0,0,0,0,0,0,0,2331,9,7,0,0,0,0,0,0
2332,2332,0,0,0,0,0,0,0,0,0,0,0,2332,14,7,0,0,0,0,0,0
2333,2333,0,0,0,0,0,0,0,0,0,0,0,2333,11,7,0,0,0,0,0,0
2334,2334,0,0,4,0,0,0,0,0,0,0,0,2334,7,7,0,0,0,0,0,0
2340,2340,0,0,7,0,0,0,0,0,0,0,0,2340,11,7,0,0,0,0,0,0
2341,2341,0,0,7,0,0,0,0,0,0,0,0,2341,9,7,0,0,0,0,0,0
2342,2342,0,0,7,0,0,0,0,0,0,0,0,2342,6,7,0,0,0,0,0,0
2350,2350,0,0,7,0,0,0,0,0,0,0,0,2350,13,7,0,0,0,0,0,0
2351,2351,0,0,7,0,0,0,0,0,0,0,0,2351,8,7,0,0,0,0,0,0
2360,2360,0,4,6,0,0,0,0,0,0,0,0,2360,12,13,0,0,0,0,0,0
2361,2361,0,4,5,0,0,0,0,0,0,0,0,2361,5,13,0,0,0,0,0,0
2362,2362,0,4,6,0,0,0,0,0,0,0,0,2362,12,13,0,0,0,0,0,0
2370,2370,0,0,3,0,0,0,6,0,0,0,0,2370,0,16,0,0,0,0,0,0
2371,2371,0,0,3,0,0,0,7,0,0,0,0,2371,0,15,0,0,0,0,0,0
2372,2372,0,0,3,0,0,0,7,0,0,0,0,2372,0,15,0,0,0,0,0,0
2373,2373,0,0,3,0,0,0,3,0,0,0,0,2373,0,17,0,0,0,0,0,0
2374,2374,0,0,3,0,0,0,3,0,0,0,0,2374,0,19,0,0,0,0,0,0
2380,2380,0,0,3,0,0,0,13,0,0,0,0,2380,0,13,0,0,0,0,0,0
2381,2381,0,0,3,0,0,0,12,0,0,0,0,2381,0,13,0,0,0,0,0,0
2382,2382,0,0,3,0,0,0,13,0,0,0,0,2382,0,16,0,0,0,0,0,0
2383,2383,0,0,3,0,0,0,13,0,0,0,0,2383,0,16,0,0,0,0,0,0
2384,2384,0,0,3,0,0,0,11,0,0,0,0,2384,0,16,0,0,0,0,0,0
2385,2385,0,0,3,0,0,0,11,0,0,0,0,2385,0,16,0,0,0,0,0,0
2390,2390,0,0,3,0,0,0,22,0,0,0,0,2390,0,13,0,0,0,0,0,0
2391,2391,0,0,3,0,0,0,20,0,0,0,0,2391,0,13,0,0,0,0,0,0
2392,2392,0,0,3,0,0,0,25,0,0,0,0,2392,0,13,0,0,0,0,0,0
2393,2393,0,0,3,0,0,0,25,0,0,0,0,2393,0,13,0,0,0,0,0,0
2394,2394,0,0,3,0,0,0,23,0,0,0,0,2394,0,13,0,0,0,0,0,0
2395,2395,0,0,3,0,0,0,26,0,0,0,0,2395,0,13,0,0,0,0,0,0
2400,2400,0,0,3,0,0,0,12,0,0,0,0,2400,0,17,0,0,0,0,0,0
2401,2401,0,0,3,0,0,0,13,0,0,0,0,2401,0,17,0,0,0,0,0,0
2402,2402,0,0,3,0,0,0,14,0,0,0,0,2402,0,18,0,0,0,0,0,0
2403,2403,0,0,3,0,0,0,13,0,0,0,0,2403,0,18,0,0,0,0,0,0
2404,2404,0,0,3,0,0,0,11,0,0,0,0,2404,0,18,0,0,0,0,0,0
2405,2405,0,0,3,0,0,0,12,0,0,0,0,2405,0,18,0,0,0,0,0,0
2410,2410,0,0,3,0,0,0,8,0,0,0,0,2410,0,14,0,0,0,0,0,0
2411,2411,0,0,3,0,0,0,9,0,0,0,0,2411,0,14,0,0,0,0,0,0
2412,2412,0,0,3,0,0,0,10,0,0,0,0,2412,0,12,0,0,0,0,0,0
2413,2413,0,0,3,0,0,0,12,0,0,0,0,2413,0,11,0,0,0,0,0,0
2414,2414,0,0,3,0,0,0,11,0,0,0,0,2414,0,7,0,0,0,0,0,0
2415,2415,0,0,3,0,0,0,10,0,0,0,0,2415,0,8,0,0,0,0,0,0
2420,2420,0,0,3,0,0,0,11,0,0,0,0,2420,0,19,0,0,0,0,0,0
2421,2421,0,0,3,0,0,0,13,0,0,0,0,2421,0,19,0,0,0,0,0,0
2422,2422,0,0,3,0,0,0,11,0,0,0,0,2422,0,19,0,0,0,0,0,0
2423,2423,0,0,3,0,0,0,13,0,0,0,0,2423,0,19,0,0,0,0,0,0
2424,2424,0,0,3,0,0,0,11,0,0,0,0,2424,0,19,0,0,0,0,0,0
2425,2425,0,0,3,0,0,0,6,0,0,0,0,2425,0,19,0,0,0,0,0,0
2430,2430,0,0,3,0,0,0,24,0,0,0,0,2430,0,13,0,0,0,0,0,0
2431,2431,0,0,3,0,0,0,24,0,0,0,0,2431,0,13,0,0,0,0,0,0
2432,2432,0,0,3,0,0,0,24,0,0,0,0,2432,0,13,0,0,0,0,0,0
2433,2433,0,0,3,0,0,0,22,0,0,0,0,2433,0,14,0,0,0,0,0,0
2434,2434,0,0,3,0,0,0,21,0,0,0,0,2434,0,14,0,0,0,0,0,0
2435,2435,0,0,3,0,0,0,25,0,0,0,0,2435,0,14,0,0,0,0,0,0
2440,2440,0,0,3,0,0,0,15,0,0,0,0,2440,0,13,0,0,0,0,0,0
2441,2441,0,0,3,0,0,0,17,0,0,0,0,2441,0,13,0,0,0,0,0,0
2442,2442,0,0,3,0,0,0,15,0,0,0,0,2442,0,13,0,0,0,0,0,0
2443,2443,0,0,3,0,0,0,15,0,0,0,0,2443,0,13,0,0,0,0,0,0
2444,2444,0,0,3,0,0,0,14,0,0,0,0,2444,0,13,0,0,0,0,0,0
2445,2445,0,0,3,0,0,0,12,0,0,0,0,2445,0,13,0,0,0,0,0,0
2450,2450,0,0,3,0,0,0,28,0,0,0,0,2450,0,11,0,0,0,0,0,0
2451,2451,0,0,3,0,0,0,18,0,0,0,0,2451,0,11,0,0,0,0,0,0
2452,2452,0,0,3,0,0,0,22,0,0,0,0,2452,0,10,0,0,0,0,0,0
2453,2453,0,0,3,0,0,0,19,0,0,0,0,2453,0,10,0,0,0,0,0,0
2454,2454,0,0,3,0,0,0,16,0,0,0,0,2454,0,10,0,0,0,0,0,0
2455,2455,0,0,3,0,0,0,15,0,0,0,0,2455,0,10,0,0,0,0,0,0
2460,2460,0,0,3,0,0,0,0,0,0,0,0,2460,4,7,0,0,0,0,0,0
2461,2461,0,0,3,0,0,0,0,0,0,0,0,2461,4,7,0,0,0,0,0,0
2462,2462,0,0,3,0,0,0,0,0,0,0,0,2462,4,7,0,0,0,0,0,0
2463,2463,0,0,6,0,0,0,0,0,0,0,0,2463,5,8,0,0,0,0,0,0
2464,2464,0,0,6,0,0,0,0,0,0,0,0,2464,5,8,0,0,0,0,0,0
2470,2470,0,0,3,0,5,0,0,0,0,0,0,2470,4,7,0,0,0,0,0,0
2471,2471,0,0,3,0,5,0,0,0,0,0,0,2471,5,7,0,0,0,0,0,0
2472,2472,0,0,3,0,5,0,0,0,0,0,0,2472,5,7,0,0,0,0,0,0
2480,2480,0,0,3,0,11,0,6,0,0,0,0,2480,0,0,0,0,0,0,0,0
2481,2481,0,0,3,0,11,0,6,0,0,0,0,2481,0,0,0,0,0,0,0,0
2482,2482,0,0,3,0,12,0,6,0,0,0,0,2482,0,0,0,0,0,0,0,0
2483,2483,0,0,3,0,12,0,7,0,0,0,0,2483,0,0,0,0,0,0,0,0
2491,2491,0,0,11,0,0,0,0,0,0,0,0,2491,0,9,0,8,0,0,0,0
2492,2492,0,0,11,0,0,0,0,0,0,0,0,2492,0,9,0,8,0,0,0,0
2493,2493,0,0,11,0,0,0,0,0,0,0,0,2493,0,9,0,7,0,0,0,0
2530,2530,0,0,9,0,0,0,0,0,0,0,0,2530,0,20,0,6,0,0,0,0
2531,2531,0,0,9,0,0,0,0,0,0,0,0,2531,0,17,0,6,0,0,0,0
2532,2532,0,0,9,0,0,0,0,0,0,0,0,2532,0,20,0,5,0,0,0,0
2540,2540,0,0,3,0,0,0,0,0,0,0,0,2540,0,10,0,5,0,0,0,0
2541,2541,0,0,3,0,0,0,0,0,0,0,0,2541,0,10,0,6,0,0,0,0
2542,2542,0,0,3,0,0,0,0,0,0,0,0,2542,0,10,0,7,0,0,0,0
2550,2550,0,0,3,0,0,0,0,0,0,0,0,2550,0,10,0,6,0,0,0,0
2551,2551,0,0,3,0,0,0,0,0,0,0,0,2551,0,10,0,6,0,0,0,0
2552,2552,0,0,3,0,0,0,0,0,0,0,0,2552,0,10,0,6,0,0,0,0
2560,2560,0,0,3,0,0,0,0,0,0,0,0,2560,7,13,0,0,0,0,0,0
2561,2561,0,0,3,0,0,0,0,0,0,0,0,2561,7,9,0,0,0,0,0,0
2562,2562,0,0,3,0,0,0,0,0,0,0,0,2562,7,9,0,0,0,0,0,0
2570,2570,0,0,3,0,0,0,0,0,0,0,0,2570,6,13,0,0,0,0,0,0
2571,2571,0,0,3,0,0,0,0,0,0,0,0,2571,6,11,0,0,0,0,0,0
2572,2572,0,0,3,0,0,0,0,0,0,0,0,2572,5,10,0,0,0,0,0,0
2573,2573,0,0,3,0,0,0,0,0,0,0,0,2573,5,10,0,0,0,0,0,0
2574,2574,0,0,3,0,0,0,0,0,0,0,0,2574,4,5,0,0,0,0,0,0
2580,2580,0,0,3,0,0,0,0,0,0,0,0,2580,4,13,0,0,0,0,0,0
2581,2581,0,0,3,0,0,0,0,0,0,0,0,2581,6,13,0,0,0,0,0,0
2582,2582,0,0,3,0,0,0,0,0,0,0,0,2582,6,13,0,0,0,0,0,0
2583,2583,0,0,3,0,0,0,0,0,0,0,0,2583,4,13,0,0,0,0,0,0
2584,2584,0,0,3,0,0,0,0,0,0,0,0,2584,4,6,0,0,0,0,0,0
2590,2590,0,0,3,0,0,0,0,0,0,0,0,2590,6,8,0,0,0,0,0,0
2591,2591,0,0,3,0,0,0,0,0,0,0,0,2591,6,8,0,0,0,0,0,0
2592,2592,0,0,3,0,0,0,0,0,0,0,0,2592,6,8,0,0,0,0,0,0
2593,2593,0,0,3,0,0,0,0,0,0,0,0,2593,5,8,0,0,0,0,0,0
2600,2600,0,0,0,0,0,0,0,0,0,0,0,2600,6,12,0,0,0,0,0,0
2601,2601,0,0,3,0,0,0,0,0,0,0,0,2601,6,13,0,0,0,0,0,0
2602,2602,0,0,3,0,0,0,0,0,0,0,0,2602,6,13,0,0,0,0,0,0
2603,2603,0,0,3,0,0,0,0,0,0,0,0,2603,4,13,0,0,0,0,0,0
2604,2604,0,0,3,0,0,0,0,0,0,0,0,2604,6,13,0,0,0,0,0,0
2605,2605,0,0,3,0,0,0,0,0,0,0,0,2605,4,13,0,0,0,0,0,0
2610,2610,0,0,3,0,0,0,0,0,0,0,0,2610,6,11,0,0,0,0,0,0
2611,2611,0,0,3,0,0,0,0,0,0,0,0,2611,7,11,0,0,0,0,0,0
2612,2612,0,0,3,0,0,0,0,0,0,0,0,2612,7,11,0,0,0,0,0,0
2613,2613,0,0,3,0,0,0,0,0,0,0,0,2613,6,11,0,0,0,0,0,0
2614,2614,0,0,3,0,0,0,0,0,0,0,0,2614,7,11,0,0,0,0,0,0
2620,2620,0,0,3,0,0,0,0,0,0,0,0,2620,5,11,0,0,0,0,0,0
2621,2621,0,0,3,0,0,0,0,0,0,0,0,2621,5,10,0,0,0,0,0,0
2622,2622,0,0,3,0,0,0,0,0,0,0,0,2622,5,11,0,0,0,0,0,0
2630,2630,0,0,3,0,0,0,0,0,0,0,0,2630,5,12,0,0,0,0,0,0
2631,2631,0,0,3,0,0,0,0,0,0,0,0,2631,5,12,0,0,0,0,0,0
2640,2640,0,0,3,0,0,0,0,0,0,0,0,2640,6,7,0,0,0,0,0,0
2641,2641,0,0,3,0,0,0,0,0,0,0,0,2641,5,7,0,0,0,0,0,0
2642,2642,0,0,3,0,0,0,0,0,0,0,0,2642,5,7,0,0,0,0,0,0
2650,2650,0,0,3,0,0,0,0,0,0,0,0,2650,6,13,0,0,0,0,0,0
2651,2651,0,0,3,0,0,0,0,0,0,0,0,2651,6,13,0,0,0,0,0,0
2652,2652,0,0,3,0,0,0,0,0,0,0,0,2652,5,13,0,0,0,0,0,0
2653,2653,0,0,3,0,0,0,0,0,0,0,0,2653,5,13,0,0,0,0,0,0
2660,2660,0,0,3,0,0,0,0,0,0,0,0,2660,5,12,0,0,0,0,0,0
2661,2661,0,0,3,0,0,0,0,0,0,0,0,2661,4,8,0,0,0,0,0,0
2670,2670,0,0,3,0,0,0,0,0,0,0,0,2670,5,13,0,0,0,0,0,0
2671,2671,0,0,3,0,0,0,0,0,0,0,0,2671,6,12,0,0,0,0,0,0
2672,2672,0,0,3,0,0,0,0,0,0,0,0,2672,6,12,0,0,0,0,0,0
2680,2680,0,0,3,0,0,0,0,0,0,0,0,2680,6,8,0,0,0,0,0,0
2681,2681,0,0,3,0,0,0,0,0,0,0,0,2681,5,8,0,0,0,0,0,0
2682,2682,0,0,3,0,0,0,0,0,0,0,0,2682,5,8,0,0,0,0,0,0
2683,2683,0,0,3,0,0,0,0,0,0,0,0,2683,6,8,0,0,0,0,0,0
2690,2690,0,0,3,0,0,0,0,0,0,0,0,2690,5,5,0,0,0,0,0,0
2691,2691,0,0,3,0,0,0,0,0,0,0,0,2691,5,5,0,0,0,0,0,0
2700,2700,0,0,3,0,0,0,0,0,0,0,0,2700,6,5,0,0,0,0,0,0
2701,2701,0,0,3,0,0,0,0,0,0,0,0,2701,5,5,0,0,0,0,0,0
2710,2710,0,0,3,0,0,0,0,0,0,0,0,2710,6,11,0,0,0,0,0,0
2711,2711,0,0,3,0,0,0,0,0,0,0,0,2711,6,11,0,0,0,0,0,0
2712,2712,0,0,3,0,0,0,0,0,0,0,0,2712,6,11,0,0,0,0,0,0
2713,2713,0,0,3,0,0,0,0,0,0,0,0,2713,6,11,0,0,0,0,0,0
2720,2720,0,0,3,0,0,0,0,0,0,0,0,2720,7,11,0,0,0,0,0,0
2721,2721,0,0,3,0,0,0,0,0,0,0,0,2721,6,11,0,0,0,0,0,0
2722,2722,0,0,3,0,0,0,0,0,0,0,0,2722,6,11,0,0,0,0,0,0
2723,2723,0,0,3,0,0,0,0,0,0,0,0,2723,6,11,0,0,0,0,0,0
2730,2730,0,0,3,0,0,0,0,0,0,0,0,2730,5,10,0,0,0,0,0,0
2731,2731,0,0,3,0,0,0,0,0,0,0,0,2731,6,11,0,0,0,0,0,0
2732,2732,0,0,3,0,0,0,0,0,0,0,0,2732,6,11,0,0,0,0,0,0
2740,2740,0,0,3,0,0,0,0,0,0,0,0,2740,6,13,0,0,0,0,0,0
2741,2741,0,0,3,0,0,0,0,0,0,0,0,2741,6,13,0,0,0,0,0,0
2742,2742,0,0,3,0,0,0,0,0,0,0,0,2742,6,13,0,0,0,0,0,0
2743,2743,0,0,3,0,0,0,0,0,0,0,0,2743,6,13,0,0,0,0,0,0
2750,2750,0,0,3,0,0,0,0,0,0,0,0,2750,6,13,0,0,0,0,0,0
2751,2751,0,0,3,0,0,0,0,0,0,0,0,2751,7,13,0,0,0,0,0,0
2752,2752,0,0,3,0,0,0,0,0,0,0,0,2752,7,13,0,0,0,0,0,0
2753,2753,0,0,3,0,0,0,0,0,0,0,0,2753,5,13,0,0,0,0,0,0
2760,2760,0,0,3,0,0,0,0,0,0,0,0,2760,6,13,0,0,0,0,0,0
2761,2761,0,0,3,0,0,0,0,0,0,0,0,2761,6,13,0,0,0,0,0,0
2762,2762,0,0,3,0,0,0,0,0,0,0,0,2762,5,13,0,0,0,0,0,0
2763,2763,0,0,3,0,0,0,0,0,0,0,0,2763,6,13,0,0,0,0,0,0
2764,2764,0,0,3,0,0,0,0,0,0,0,0,2764,6,13,0,0,0,0,0,0
2765,2765,0,0,3,0,0,0,0,0,0,0,0,2765,6,13,0,0,0,0,0,0
3000,3000,0,0,8,0,0,0,0,0,0,0,0,3000,4,5,0,4,0,0,0,0
3010,3010,0,0,6,0,0,0,0,0,0,0,0,3010,4,5,0,4,0,0,0,0
3020,3020,0,0,8,0,0,0,0,0,0,0,0,3020,4,5,0,4,0,0,0,0
3030,3030,8,0,6,0,0,0,0,0,0,0,0,3030,11,10,0,9,0,0,0,0
3031,3031,8,0,6,0,6,0,0,0,0,0,0,3031,11,12,0,11,0,0,0,0
3032,3032,8,0,6,0,4,0,0,0,0,0,0,3032,11,12,0,11,0,0,0,0
3033,3033,8,0,6,0,5,0,0,0,0,0,0,3033,11,12,0,10,0,0,0,0
3050,3050,0,4,16,0,0,0,0,0,0,0,0,3050,0,20,0,25,0,0,0,0
3060,3060,0,2,6,0,0,0,0,0,0,0,0,3060,0,0,0,0,0,15,0,17
3070,3070,0,2,6,0,0,0,0,0,0,0,0,3070,0,19,0,14,0,0,0,0
3080,3080,0,2,6,0,0,0,0,0,0,0,0,3080,0,10,0,9,0,0,0,0
3090,3090,9,0,6,12,18,0,0,0,0,0,0,3090,0,11,0,0,0,0,0,0
3091,3091,9,0,6,8,11,0,0,0,0,0,0,3091,0,5,0,0,0,0,0,0
3093,3093,9,0,0,10,13,0,0,0,0,0,0,3093,0,5,0,0,0,0,0,0
3100,3100,0,0,6,11,15,0,0,0,0,0,0,3100,7,5,0,0,0,0,0,0
3101,3101,0,0,6,11,13,0,0,0,0,0,0,3101,7,6,0,0,0,0,0,0
3102,3102,0,0,6,9,17,0,0,0,0,0,0,3102,7,7,0,0,0,0,0,0
3103,3103,0,0,6,10,13,0,0,0,0,0,0,3103,7,7,0,0,0,0,0,0
3110,3110,0,0,6,11,16,0,0,0,0,0,0,3110,7,7,0,0,0,0,0,0
3111,3111,0,0,6,9,16,0,0,0,0,0,0,3111,7,7,0,0,0,0,0,0
3112,3112,0,0,6,18,17,0,0,0,0,0,0,3112,7,7,0,0,0,0,0,0
3113,3113,0,0,6,11,13,0,0,0,0,0,0,3113,7,7,0,0,0,0,0,0
3120,3120,0,0,3,0,0,0,0,0,0,0,0,3120,11,10,11,11,0,0,0,0
3130,3130,0,0,8,23,22,23,23,0,0,0,0,3130,55,11,55,55,0,0,0,0
3131,3131,0,0,8,24,22,23,23,0,0,0,0,3131,40,11,40,40,0,0,0,0
3132,3132,0,0,8,9,9,9,9,0,0,0,0,3132,0,11,0,0,0,0,0,0
3133,3133,0,0,8,20,20,20,21,0,0,0,0,3133,34,0,34,34,0,0,0,0
3134,3134,0,0,8,19,18,18,19,0,0,0,0,3134,7,0,7,7,0,0,0,0
3140,3140,0,0,8,33,33,32,33,0,0,0,0,3140,0,0,0,0,0,0,0,0
3141,3141,0,0,8,33,33,32,33,0,0,0,0,3141,0,11,0,0,0,0,0,0
3142,3142,0,0,8,33,33,32,33,0,0,0,0,3142,47,11,47,47,0,0,0,0
3143,3143,0,0,8,33,31,32,32,0,0,0,0,3143,0,11,0,0,0,0,0,0
3144,3144,0,0,8,33,31,32,32,0,0,0,0,3144,14,11,14,14,0,0,0,0
3150,3150,0,0,8,24,24,23,23,0,0,0,0,3150,0,11,0,0,0,0,0,0
3151,3151,0,0,8,50,30,49,49,0,0,0,0,3151,0,11,0,0,0,0,0,0
3152,3152,0,0,8,24,23,23,24,0,0,0,0,3152,50,11,50,50,0,0,0,0
3153,3153,0,0,8,22,19,20,21,0,0,0,0,3153,0,11,0,0,0,0,0,0
3154,3154,0,0,8,19,18,21,24,0,0,0,0,3154,21,11,21,21,0,0,0,0
3155,3155,0,0,8,21,21,20,21,0,0,0,0,3155,20,11,20,20,0,0,0,0
3160,3160,0,0,8,29,30,29,29,0,0,0,0,3160,0,11,0,0,0,0,0,0
3161,3161,0,0,8,30,29,29,29,0,0,0,0,3161,7,11,7,7,0,0,0,0
3162,3162,0,0,8,13,14,13,13,0,0,0,0,3162,24,11,24,24,0,0,0,0
3163,3163,0,0,8,30,30,27,30,0,0,0,0,3163,55,14,55,55,0,0,0,0
3164,3164,0,0,8,28,27,27,28,0,0,0,0,3164,26,11,26,26,0,0,0,0
3165,3165,0,0,8,26,24,25,26,0,0,0,0,3165,9,14,34,34,0,0,0,0
3170,3170,0,0,8,27,26,26,27,0,0,0,0,3170,0,14,0,0,0,0,0,0
3171,3171,0,0,8,26,26,25,26,0,0,0,0,3171,11,11,11,11,0,0,0,0
3172,3172,0,0,8,29,29,28,29,0,0,0,0,3172,50,11,54,36,0,0,0,0
3173,3173,0,0,8,29,29,28,29,0,0,0,0,3173,0,14,0,0,0,0,0,0
3174,3174,0,0,8,25,25,24,24,0,0,0,0,3174,0,14,0,0,0,0,0,0
3175,3175,0,0,8,23,19,21,23,0,0,0,0,3175,8,11,8,0,0,0,0,0
3180,3180,0,0,8,19,20,19,20,0,0,0,0,3180,0,11,0,0,0,0,0,0
3181,3181,0,0,8,18,17,18,19,0,0,0,0,3181,0,14,0,0,0,0,0,0
3182,3182,0,0,8,20,17,19,20,0,0,0,0,3182,15,14,45,15,0,0,0,0
3183,3183,0,0,8,18,12,17,18,0,0,0,0,3183,0,11,0,0,0,0,0,0
3190,3190,0,0,8,30,30,29,30,0,0,0,0,3190,0,11,0,0,0,0,0,0
3191,3191,0,0,8,29,28,28,29,0,0,0,0,3191,0,11,0,0,0,0,0,0
3192,3192,0,0,8,26,26,25,26,0,0,0,0,3192,0,11,0,0,0,0,0,0
3193,3193,0,0,8,22,22,20,22,0,0,0,0,3193,0,11,0,0,0,0,0,0
3194,3194,0,0,8,19,19,17,19,0,0,0,0,3194,0,11,0,0,0,0,0,0
3195,3195,0,0,8,18,18,15,18,0,0,0,0,3195,0,11,0,0,0,0,0,0
3200,3200,0,0,8,22,22,21,22,0,0,0,0,3200,0,13,0,0,0,0,0,0
3201,3201,0,0,8,23,23,21,23,0,0,0,0,3201,0,13,0,0,0,0,0,0
3202,3202,0,0,8,22,22,21,22,0,0,0,0,3202,41,13,51,50,0,0,0,0
3203,3203,0,0,8,22,22,21,22,0,0,0,0,3203,0,13,59,0,0,0,0,0
3204,3204,0,0,8,19,19,17,19,0,0,0,0,3204,16,13,16,16,0,0,0,0
3205,3205,0,0,8,21,20,20,21,0,0,0,0,3205,0,13,0,0,0,0,0,0
3206,3206,0,0,8,21,18,20,21,0,0,0,0,3206,0,11,0,0,0,0,0,0
3210,3210,0,0,8,27,26,26,27,0,0,0,0,3210,0,13,0,0,0,0,0,0
3211,3211,0,0,8,26,26,25,26,0,0,0,0,3211,0,13,0,0,0,0,0,0
3212,3212,0,0,8,29,29,28,29,0,0,0,0,3212,0,13,0,0,0,0,0,0
3213,3213,0,0,8,25,25,24,25,0,0,0,0,3213,0,13,0,0,0,0,0,0
3214,3214,0,0,8,31,31,30,31,0,0,0,0,3214,0,13,0,0,0,0,0,0
3220,3220,0,0,8,26,26,26,26,0,0,0,0,3220,0,13,0,0,0,0,0,0
3221,3221,0,0,8,25,25,20,25,0,0,0,0,3221,0,13,0,0,0,0,0,0
3222,3222,0,0,8,17,17,17,17,0,0,0,0,3222,0,13,0,0,0,0,0,0
3223,3223,0,0,8,13,13,13,13,0,0,0,0,3223,0,13,0,0,0,0,0,0
3224,3224,0,0,8,8,8,8,8,0,0,0,0,3224,0,13,0,0,0,0,0,0
3225,3225,0,0,8,6,6,6,6,0,0,0,0,3225,0,13,0,0,0,0,0,0
3230,3230,0,0,0,0,28,0,0,0,0,0,0,3230,23,0,0,0,0,0,0,0
3231,3231,0,0,0,0,53,0,0,0,0,0,0,3231,28,0,0,0,0,0,0,0
3232,3232,0,0,11,0,53,0,0,0,0,0,0,3232,28,0,0,0,0,0,0,0
3240,3240,0,0,7,0,3,0,14,0,0,0,0,3240,0,7,0,0,0,0,0,0
3241,3241,0,0,7,0,6,0,14,0,0,0,0,3241,0,9,0,0,0,0,0,0
3242,3242,0,0,7,0,4,0,11,0,0,0,0,3242,0,9,0,0,0,0,0,0
3243,3243,0,0,7,0,3,0,13,0,0,0,0,3243,0,9,0,0,0,0,0,0
3250,3250,0,0,7,0,10,0,13,0,0,0,0,3250,0,6,0,0,0,0,0,0
3251,3251,0,0,7,0,6,0,13,0,0,0,0,3251,0,7,0,0,0,0,0,0
3252,3252,0,0,7,0,5,0,14,0,0,0,0,3252,0,7,0,0,0,0,0,0
3253,3253,0,0,7,0,5,0,13,0,0,0,0,3253,0,7,0,0,0,0,0,0
3260,3260,0,0,7,0,4,0,8,0,0,0,0,3260,0,7,6,0,0,0,0,0
3261,3261,0,0,7,0,4,0,6,0,0,0,0,3261,0,7,0,0,0,0,0,0
3262,3262,0,0,7,0,4,0,6,0,0,0,0,3262,0,7,0,0,0,0,0,0
3263,3263,0,0,7,0,6,0,6,0,0,0,0,3263,0,7,0,0,0,0,0,0
3264,3264,0,0,7,0,4,0,4,0,0,0,0,3264,0,7,0,0,0,0,0,0
3270,3270,0,0,0,18,18,0,16,0,0,0,0,3270,0,8,0,0,0,0,0,0
3271,3271,0,0,0,18,18,0,14,0,0,0,0,3271,0,8,0,0,0,0,0,0
3272,3272,0,0,0,18,18,0,15,0,0,0,0,3272,0,8,0,0,0,0,0,0
3273,3273,0,0,0,18,18,0,17,0,0,0,0,3273,0,8,0,0,0,0,0,0
3274,3274,0,0,0,18,18,0,17,0,0,0,0,3274,0,8,0,0,0,0,0,0
3281,3281,0,0,4,7,7,0,7,0,0,0,0,3281,0,7,0,0,0,0,0,0
3282,3282,0,0,4,6,6,0,6,0,0,0,0,3282,0,7,0,0,0,0,0,0
3283,3283,0,0,4,7,7,0,7,0,0,0,0,3283,0,7,0,0,0,0,0,0
3290,3290,0,0,7,0,0,0,0,0,0,0,0,3290,0,7,11,0,0,0,0,0
3291,3291,0,0,7,0,0,0,0,0,0,0,0,3291,0,7,11,0,0,0,0,0
3292,3292,0,0,7,0,0,0,0,0,0,0,0,3292,0,7,5,0,0,0,0,0
3293,3293,0,0,7,0,0,0,0,0,0,0,0,3293,0,7,7,0,0,0,0,0
3300,3300,0,0,7,0,0,0,0,0,0,0,0,3300,0,7,10,0,0,0,0,0
3301,3301,0,0,7,0,0,0,0,0,0,0,0,3301,0,7,10,0,0,0,0,0
3302,3302,0,0,7,0,0,0,0,0,0,0,0,3302,0,7,7,0,0,0,0,0
3303,3303,0,0,7,0,0,0,0,0,0,0,0,3303,0,7,7,0,0,0,0,0
3310,3310,0,0,7,0,0,0,0,0,0,0,0,3310,0,7,10,0,0,0,0,0
3311,3311,0,0,7,0,0,0,0,0,0,0,0,3311,0,7,11,0,0,0,0,0
3312,3312,0,0,7,0,0,0,0,0,0,0,0,3312,0,7,8,0,0,0,0,0
3313,3313,0,0,7,0,0,0,0,0,0,0,0,3313,0,7,7,0,0,0,0,0
3320,3320,0,0,7,0,0,0,0,0,0,0,0,3320,0,7,11,0,0,0,0,0
3321,3321,0,0,7,0,0,0,0,0,0,0,0,3321,0,7,13,0,0,0,0,0
3322,3322,0,0,7,0,0,0,0,0,0,0,0,3322,0,7,8,0,0,0,0,0
3323,3323,0,0,7,0,0,0,0,0,0,0,0,3323,0,7,6,0,0,0,0,0
3330,3330,0,0,7,0,0,0,0,0,0,0,0,3330,0,7,7,0,0,0,0,0
3331,3331,0,0,7,0,0,0,0,0,0,0,0,3331,0,7,5,0,0,0,0,0
3332,3332,0,0,7,0,0,0,0,0,0,0,0,3332,0,7,3,0,0,0,0,0
3340,3340,0,0,8,0,16,0,0,0,0,0,0,3340,35,30,0,0,0,27,0,0
3341,3341,0,0,0,0,24,0,0,0,0,0,0,3341,18,28,0,0,0,25,0,0
3350,3350,0,0,0,0,0,0,0,0,0,0,0,3350,15,9,14,0,0,0,0,0
3351,3351,0,0,0,0,0,0,0,0,0,0,0,3351,21,8,0,0,0,0,0,0
3360,3360,0,7,7,0,0,0,0,0,0,0,0,3360,18,10,18,18,0,0,0,0
3361,3361,0,0,7,0,0,0,0,0,0,0,0,3361,17,10,17,17,0,0,0,0
3370,3370,0,0,0,0,0,0,0,0,0,0,0,3370,15,10,15,15,0,0,0,0
3371,3371,0,0,0,0,0,0,0,0,0,0,0,3371,14,10,14,14,0,0,0,0
3380,3380,0,7,3,0,0,0,0,0,0,0,0,3380,18,18,18,18,0,0,0,0
3381,3381,0,0,3,0,0,0,0,0,0,0,0,3381,7,7,7,7,0,0,0,0
3390,3390,0,0,3,0,0,0,0,0,0,0,0,3390,15,15,15,15,0,0,0,0
3391,3391,0,0,3,0,0,0,0,0,0,0,0,3391,6,6,6,6,0,0,0,0
3392,3392,0,0,3,0,0,0,0,0,0,0,0,3392,13,13,0,13,0,0,0,0
3393,3393,0,0,3,0,0,0,0,0,0,0,0,3393,10,11,0,10,0,0,0,0
3395,3395,0,0,3,0,0,0,0,0,0,0,0,3395,15,15,0,15,0,0,0,0
4000,4000,0,0,9,0,0,0,0,0,0,0,0,4000,14,9,0,11,0,0,0,0
4001,4001,0,0,9,0,0,0,0,0,0,0,0,4001,25,10,0,25,0,0,0,0
4010,4010,0,0,9,0,0,0,0,0,0,0,0,4010,31,11,0,31,0,0,0,0
4011,4011,0,0,9,0,0,0,0,0,0,0,0,4011,24,11,0,24,0,0,0,0
4020,4020,0,0,9,0,0,0,0,0,0,0,0,4020,13,9,0,13,0,0,0,0
4021,4021,0,0,9,0,0,0,0,0,0,0,0,4021,15,9,0,16,0,0,0,0
4030,4030,0,0,9,0,0,0,0,0,0,0,0,4030,31,9,0,31,0,0,0,0
4031,4031,0,0,9,0,0,0,0,0,0,0,0,4031,32,9,0,32,0,0,0,0
4032,4032,0,0,9,0,0,0,0,0,0,0,0,4032,31,9,0,31,0,0,0,0
4033,4033,0,0,9,0,0,0,0,0,0,0,0,4033,35,9,0,35,0,0,0,0
4040,4040,0,0,9,0,0,0,0,0,0,0,0,4040,32,9,0,32,0,0,0,0
4041,4041,0,0,9,0,0,0,0,0,0,0,0,4041,33,9,0,31,0,0,0,0
4042,4042,0,0,9,0,0,0,0,0,0,0,0,4042,29,9,0,29,0,0,0,0
4043,4043,0,0,9,0,0,0,0,0,0,0,0,4043,29,11,0,29,0,0,0,0
4050,4050,0,0,9,0,0,0,0,0,0,0,0,4050,21,10,0,21,0,0,0,0
4051,4051,0,0,9,0,0,0,0,0,0,0,0,4051,13,9,0,13,0,0,0,0
4052,4052,0,0,9,0,0,0,0,0,0,0,0,4052,17,9,0,17,0,0,0,0
4060,4060,0,0,9,0,0,0,0,0,0,0,0,4060,25,9,0,26,0,0,0,0
4061,4061,0,0,9,0,0,0,0,0,0,0,0,4061,20,9,0,20,0,0,0,0
4062,4062,0,0,9,0,0,0,0,0,0,0,0,4062,19,9,0,19,0,0,0,0
4070,4070,0,0,9,0,0,0,0,0,0,0,0,4070,32,9,0,32,0,0,0,0
4071,4071,0,0,9,0,0,0,0,0,0,0,0,4071,31,9,0,31,0,0,0,0
4080,4080,0,0,9,0,0,0,0,0,0,0,0,4080,33,9,0,33,0,0,0,0
4081,4081,0,0,9,0,0,0,0,0,0,0,0,4081,32,9,0,32,0,0,0,0
4082,4082,0,0,9,0,0,0,0,0,0,0,0,4082,38,9,0,38,0,0,0,0
4090,4090,0,0,9,0,0,0,0,0,0,0,0,4090,29,9,0,29,0,0,0,0
4091,4091,0,0,9,0,0,0,0,0,0,0,0,4091,29,9,0,29,0,0,0,0
4092,4092,0,0,9,0,0,0,0,0,0,0,0,4092,34,9,0,34,0,0,0,0
4100,4100,0,0,9,0,0,0,0,0,0,0,0,4100,36,9,0,36,0,0,0,0
4101,4101,0,0,9,0,0,0,0,0,0,0,0,4101,35,9,0,35,0,0,0,0
4102,4102,0,0,9,0,0,0,0,0,0,0,0,4102,34,9,0,34,0,0,0,0
4110,4110,0,0,9,0,0,0,0,0,0,0,0,4110,34,9,0,34,0,0,0,0
4111,4111,0,0,9,0,0,0,0,0,0,0,0,4111,33,9,0,33,0,0,0,0
4112,4112,0,0,9,0,0,0,0,0,0,0,0,4112,35,9,0,35,0,0,0,0
4120,4120,0,0,9,0,0,0,0,0,0,0,0,4120,30,9,0,30,0,0,0,0
4121,4121,0,0,9,0,0,0,0,0,0,0,0,4121,27,9,0,27,0,0,0,0
4130,4130,0,0,9,0,0,0,0,0,0,0,0,4130,31,9,0,31,0,0,0,0
4131,4131,0,0,9,0,0,0,0,0,0,0,0,4131,28,9,0,0,0,0,0,0
4132,4132,0,0,9,0,0,0,0,0,0,0,0,4132,28,9,0,22,0,0,0,0
4140,4140,0,0,9,0,0,0,0,0,0,0,0,4140,25,9,0,25,0,0,0,0
4141,4141,0,0,9,0,0,0,0,0,0,0,0,4141,32,9,0,32,0,0,0,0
4142,4142,0,0,9,0,0,0,0,0,0,0,0,4142,29,9,0,29,0,0,0,0
4150,4150,0,0,9,0,0,0,0,0,0,0,0,4150,23,9,0,23,0,0,0,0
4151,4151,0,0,9,0,0,0,0,0,0,0,0,4151,21,9,0,21,0,0,0,0
4152,4152,0,0,9,0,0,0,0,0,0,0,0,4152,30,9,0,30,0,0,0,0
4160,4160,0,0,9,0,0,0,0,0,0,0,0,4160,24,9,0,24,0,0,0,0
4161,4161,0,0,9,0,0,0,0,0,0,0,0,4161,26,9,0,26,0,0,0,0
4162,4162,0,0,9,0,0,0,0,0,0,0,0,4162,27,9,0,27,0,0,0,0
4170,4170,0,0,9,0,0,0,0,0,0,0,0,4170,29,9,0,29,0,0,0,0
4171,4171,0,0,9,0,0,0,0,0,0,0,0,4171,28,9,0,28,0,0,0,0
4172,4172,0,0,9,0,0,0,0,0,0,0,0,4172,32,9,0,32,0,0,0,0
4180,4180,0,0,9,0,0,0,0,0,0,0,0,4180,28,9,0,28,0,0,0,0
4181,4181,0,0,9,0,0,0,0,0,0,0,0,4181,29,9,0,29,0,0,0,0
4182,4182,0,0,9,0,0,0,0,0,0,0,0,4182,32,9,0,32,0,0,0,0
4183,4183,0,0,9,0,0,0,0,0,0,0,0,4183,33,9,0,33,0,0,0,0
4190,4190,0,3,3,0,0,0,0,0,0,0,0,4190,6,6,0,6,0,0,0,0
4191,4191,0,3,3,0,0,0,0,0,0,0,0,4191,3,3,0,3,0,0,0,0
4192,4192,0,3,3,0,0,0,0,0,0,0,0,4192,3,3,0,3,0,0,0,0
4193,4193,0,3,3,0,0,0,0,0,0,0,0,4193,3,3,0,3,0,0,0,0
4194,4194,0,3,3,0,0,0,0,0,0,0,0,4194,3,3,0,3,0,0,0,0
4195,4195,0,3,3,0,0,0,0,0,0,0,0,4195,3,3,0,3,0,0,0,0
4200,4200,0,3,3,0,0,0,0,0,0,0,0,4200,3,3,0,3,0,0,0,0
4201,4201,0,3,3,0,0,0,0,0,0,0,0,4201,3,3,0,3,0,0,0,0
4202,4202,0,3,3,0,0,0,0,0,0,0,0,4202,3,3,0,3,0,0,0,0
4203,4203,0,3,3,0,0,0,0,0,0,0,0,4203,3,3,0,3,0,0,0,0
4204,4204,0,3,3,0,0,0,0,0,0,0,0,4204,3,3,0,3,0,0,0,0
4210,4210,0,3,3,0,0,0,0,0,0,0,0,4210,8,8,0,8,0,0,0,0
4211,4211,0,3,3,0,0,0,0,0,0,0,0,4211,3,3,0,3,0,0,0,0
4212,4212,0,3,3,0,0,0,0,0,0,0,0,4212,3,3,0,3,0,0,0,0
4213,4213,0,3,3,0,0,0,0,0,0,0,0,4213,3,3,0,3,0,0,0,0
4220,4220,0,3,3,0,0,0,0,0,0,0,0,4220,3,3,0,3,0,0,0,0
4221,4221,0,0,3,0,0,0,0,0,0,0,0,4221,3,3,0,3,0,0,0,0
4222,4222,0,0,3,0,0,0,0,0,0,0,0,4222,3,3,0,3,0,0,0,0
4223,4223,0,3,3,0,0,0,0,0,0,0,0,4223,3,3,0,3,0,0,0,0
4224,4224,0,3,3,0,0,0,0,0,0,0,0,4224,3,3,0,3,0,0,0,0
4230,4230,0,3,3,0,0,0,0,0,0,0,0,4230,3,3,0,3,0,0,0,0
4231,4231,0,3,3,0,0,0,0,0,0,0,0,4231,3,3,0,3,0,0,0,0
4232,4232,0,3,3,0,0,0,0,0,0,0,0,4232,3,3,0,3,0,0,0,0
4233,4233,0,3,3,0,0,0,0,0,0,0,0,4233,3,3,0,3,0,0,0,0
4234,4234,0,3,3,0,0,0,0,0,0,0,0,4234,4,4,0,4,0,0,0,0
4241,4241,0,0,8,0,0,0,0,0,0,0,0,4241,29,7,0,29,0,0,0,0
4242,4242,0,0,8,0,0,0,0,0,0,0,0,4242,4,9,0,4,0,0,0,0
4243,4243,0,0,8,0,0,0,0,0,0,0,0,4243,6,9,0,7,0,0,0,0
4251,4251,0,0,8,0,0,0,0,0,0,0,0,4251,13,12,0,13,0,0,0,0
4252,4252,0,0,8,0,0,0,0,0,0,0,0,4252,4,8,0,4,0,0,0,0
4253,4253,0,0,8,0,0,0,0,0,0,0,0,4253,8,9,0,8,0,0,0,0
4261,4261,0,0,8,0,0,0,0,0,0,0,0,4261,17,15,0,17,0,0,0,0
4262,4262,0,0,8,0,0,0,0,0,0,0,0,4262,15,9,0,15,0,0,0,0
4263,4263,0,0,8,0,0,0,0,0,0,0,0,4263,14,15,0,14,0,0,0,0
4271,4271,0,0,8,0,0,0,0,0,0,0,0,4271,6,12,0,6,0,0,0,0
4272,4272,0,0,8,0,0,0,0,0,0,0,0,4272,11,22,0,11,0,0,0,0
4273,4273,0,0,8,0,0,0,0,0,0,0,0,4273,9,21,0,9,0,0,0,0
4281,4281,0,0,8,0,0,0,0,0,0,0,0,4281,14,18,0,15,0,0,0,0
4282,4282,0,0,8,0,0,0,0,0,0,0,0,4282,16,19,0,14,0,0,0,0
4283,4283,0,0,8,0,0,0,0,0,0,0,0,4283,7,11,0,7,0,0,0,0
4284,4284,0,0,8,0,0,0,0,0,0,0,0,4284,3,4,0,3,0,0,0,0
4291,4291,0,0,8,0,0,0,0,0,0,0,0,4291,15,17,0,11,0,0,0,0
4310,4310,0,0,9,0,0,0,0,0,0,0,0,4310,15,6,11,15,0,0,0,0
4311,4311,0,0,8,0,0,0,0,0,0,0,0,4311,15,6,11,15,0,0,0,0
4340,4340,0,0,8,0,0,0,0,0,0,0,0,4340,15,6,11,15,0,0,0,0
4341,4341,0,0,8,0,0,0,0,0,0,0,0,4341,13,6,9,13,0,0,0,0
4390,4390,0,0,0,0,0,0,0,0,0,0,0,4390,21,9,11,21,0,0,0,0
4391,4391,0,0,0,0,0,0,0,0,0,0,0,4391,30,7,22,30,0,0,0,0
4410,4410,0,0,0,0,0,0,0,0,0,0,0,4410,25,7,16,25,0,0,0,0
4411,4411,0,0,0,0,0,0,0,0,0,0,0,4411,23,7,16,23,0,0,0,0
4412,4412,0,0,0,0,0,0,0,0,0,0,0,4412,21,7,13,5,0,0,0,0
4440,4440,0,0,8,0,0,0,0,0,0,0,0,4440,0,42,0,19,0,0,0,0
4441,4441,0,0,8,0,0,0,0,0,0,0,0,4441,0,27,0,37,0,0,0,0
4442,4442,0,0,6,0,0,0,0,0,0,0,0,4442,13,52,0,0,0,0,0,0
4443,4443,0,0,4,0,0,0,0,0,0,0,0,4443,0,21,0,20,0,0,0,0
4444,4444,0,0,7,0,0,0,0,0,0,0,0,4444,0,32,0,45,0,0,0,0
4445,4445,0,0,5,0,0,0,0,0,0,0,0,4445,0,37,0,23,0,0,0,0
4450,4450,0,0,5,0,0,0,0,0,0,0,0,4450,0,35,0,6,0,0,0,0
4460,4460,0,0,5,0,32,0,6,0,0,0,0,4460,0,0,0,0,0,0,0,0
4470,4470,0,0,6,0,46,0,25,0,0,0,0,4470,0,0,0,0,0,0,0,0
4480,4480,0,0,4,0,43,0,24,0,0,0,0,4480,0,0,0,0,0,0,0,0
4490,4490,0,0,5,0,60,0,37,0,0,0,0,4490,0,0,0,0,0,0,0,0
4500,4500,0,0,5,0,126,0,59,0,0,0,0,4500,0,0,0,0,0,0,0,0
4510,4510,0,0,11,0,0,0,0,0,0,0,0,4510,9,16,0,9,0,0,0,0
4511,4511,0,0,11,0,0,0,0,0,0,0,0,4511,89,13,0,89,0,0,0,0
4512,4512,0,0,11,0,0,0,0,0,0,0,0,4512,16,13,16,16,0,0,0,0
4514,4514,0,0,11,0,0,0,0,0,0,0,0,4514,0,13,11,0,0,0,0,0
4520,4520,0,0,11,0,0,0,0,0,0,0,0,4520,6,13,0,0,0,0,0,0
4521,4521,0,0,11,0,0,0,0,0,0,0,0,4521,44,13,0,33,0,0,0,0
4522,4522,0,0,11,0,0,0,0,0,0,0,0,4522,16,13,19,16,0,0,0,0
4523,4523,0,0,11,0,0,0,0,0,0,0,0,4523,12,13,0,12,0,0,0,0
4530,4530,0,0,11,0,0,0,0,0,0,0,0,4530,8,14,0,6,0,0,0,0
4531,4531,0,0,11,0,0,0,0,0,0,0,0,4531,77,14,0,39,0,0,0,0
4532,4532,0,0,11,0,0,0,0,0,0,0,0,4532,16,14,16,16,0,0,0,0
4533,4533,0,0,11,0,0,0,0,0,0,0,0,4533,6,14,0,6,0,0,0,0
4540,4540,0,0,10,0,0,0,0,0,0,0,0,4540,6,11,0,0,0,0,0,0
4541,4541,0,0,10,0,0,0,0,0,0,0,0,4541,71,10,0,71,0,0,0,0
4542,4542,0,0,10,0,0,0,0,0,0,0,0,4542,16,10,16,16,0,0,0,0
4543,4543,0,0,10,0,0,0,0,0,0,0,0,4543,11,10,0,11,0,0,0,0
4544,4544,0,0,10,0,0,0,0,0,0,0,0,4544,0,10,23,0,0,0,0,0
4550,4550,0,0,6,0,0,0,0,0,0,0,0,4550,7,7,0,7,0,0,0,0
4551,4551,0,0,6,0,0,0,0,0,0,0,0,4551,7,7,0,7,0,0,0,0
4552,4552,0,0,6,0,0,0,0,0,0,0,0,4552,7,7,0,7,0,0,0,0
4553,4553,0,0,6,0,0,0,0,0,0,0,0,4553,7,7,0,7,0,0,0,0
4560,4560,0,0,6,0,0,0,0,0,0,0,0,4560,7,7,0,7,0,0,0,0
4561,4561,0,0,6,0,0,0,0,0,0,0,0,4561,7,7,0,7,0,0,0,0
4562,4562,0,0,6,0,0,0,0,0,0,0,0,4562,7,7,0,7,0,0,0,0
4564,4564,0,0,6,0,0,0,0,0,0,0,0,4564,7,7,0,7,0,0,0,0
4570,4570,0,0,6,0,0,0,0,0,0,0,0,4570,7,8,0,7,0,0,0,0
4571,4571,0,0,6,0,0,0,0,0,0,0,0,4571,7,8,0,7,0,0,0,0
4572,4572,0,0,6,0,0,0,0,0,0,0,0,4572,7,8,0,7,0,0,0,0
4573,4573,0,0,6,0,0,0,0,0,0,0,0,4573,7,8,0,7,0,0,0,0
4574,4574,0,0,6,0,0,0,0,0,0,0,0,4574,7,8,0,7,0,0,0,0
4575,4575,0,0,6,0,0,0,0,0,0,0,0,4575,7,8,0,7,0,0,0,0
4580,4580,0,0,7,0,0,0,0,0,0,0,0,4580,6,6,0,6,0,0,0,0
4581,4581,0,0,7,0,0,0,0,0,0,0,0,4581,6,6,0,6,0,0,0,0
4582,4582,0,0,7,0,0,0,0,0,0,0,0,4582,6,6,0,6,0,0,0,0
4583,4583,0,0,7,0,0,0,0,0,0,0,0,4583,6,6,0,6,0,0,0,0
4590,4590,0,0,5,0,0,0,0,0,0,0,0,4590,11,11,11,11,0,0,0,0
4591,4591,0,0,5,0,0,0,0,0,0,0,0,4591,9,9,11,9,0,0,0,0
4592,4592,0,0,5,0,0,0,0,0,0,0,0,4592,10,10,10,10,0,0,0,0
4600,4600,0,0,5,0,0,0,0,0,0,0,0,4600,9,8,10,8,0,0,0,0
4601,4601,0,0,5,0,0,0,0,0,0,0,0,4601,9,10,10,10,0,0,0,0
4602,4602,0,0,5,0,0,0,0,0,0,0,0,4602,12,11,11,11,0,0,0,0
4610,4610,0,0,5,0,0,0,0,0,0,0,0,4610,11,10,10,10,0,0,0,0
4611,4611,0,0,5,0,0,0,0,0,0,0,0,4611,15,14,14,14,0,0,0,0
4612,4612,0,0,5,0,0,0,0,0,0,0,0,4612,11,10,10,10,0,0,0,0
4620,4620,0,0,5,0,0,0,0,0,0,0,0,4620,10,9,9,9,0,0,0,0
4621,4621,0,0,5,0,0,0,0,0,0,0,0,4621,13,12,12,12,0,0,0,0
4622,4622,0,0,5,0,0,0,0,0,0,0,0,4622,10,9,9,9,0,0,0,0
4650,4650,0,0,7,0,0,0,0,0,0,0,0,4650,25,25,0,25,0,0,0,0
4651,4651,0,0,7,0,0,0,0,0,0,0,0,4651,25,25,0,25,0,0,0,0
4660,4660,0,0,7,0,0,0,0,0,0,0,0,4660,25,25,0,25,0,0,0,0
4661,4661,0,0,7,0,0,0,0,0,0,0,0,4661,25,25,0,25,0,0,0,0
4670,4670,0,0,7,0,0,0,0,0,0,0,0,4670,25,25,0,25,0,0,0,0
4671,4671,0,0,7,0,0,0,0,0,0,0,0,4671,25,25,0,25,0,0,0,0
4672,4672,0,0,7,0,0,0,0,0,0,0,0,4672,25,25,0,25,0,0,0,0
4673,4673,0,0,7,0,0,0,0,0,0,0,0,4673,25,25,0,25,0,0,0,0
4680,4680,0,0,7,0,0,0,0,0,0,0,0,4680,25,25,0,25,0,0,0,0
4681,4681,0,0,7,0,0,0,0,0,0,0,0,4681,25,25,0,25,0,0,0,0
4690,4690,0,0,7,0,0,0,0,0,0,0,0,4690,0,19,0,0,20,18,0,0
4700,4700,0,0,7,0,0,0,0,0,0,0,0,4700,0,9,0,0,10,14,0,0
4710,4710,0,0,7,0,0,0,0,0,0,0,0,4710,0,22,0,0,8,25,0,0
4720,4720,0,0,7,0,0,0,0,0,0,0,0,4720,0,17,0,0,6,25,0,0
4750,4750,5,0,0,0,0,0,0,0,0,0,0,4750,22,16,0,22,0,0,0,0
4760,4760,5,0,0,0,0,0,0,0,0,0,0,4760,22,13,0,22,0,0,0,0
4770,4770,0,0,4,0,0,0,0,0,0,0,0,4770,23,17,0,23,0,0,0,0
4780,4780,0,0,4,0,0,0,0,0,0,0,0,4780,19,17,0,19,0,0,0,0
4790,4790,0,0,4,0,0,0,0,0,0,0,0,4790,27,14,0,27,0,0,0,0
4791,4791,0,0,4,0,0,0,0,0,0,0,0,4791,15,14,0,15,0,0,0,0
4800,4800,0,0,4,0,0,0,0,0,0,0,0,4800,15,18,0,15,0,0,0,0
4801,4801,0,0,4,0,0,0,0,0,0,0,0,4801,18,14,0,18,0,0,0,0
4810,4810,0,0,5,0,0,0,0,0,0,0,0,4810,16,20,0,16,0,0,0,0
4870,4870,2,0,0,0,0,0,0,0,0,0,0,4870,0,16,0,16,0,17,0,0
4880,4880,0,0,0,0,0,0,0,0,0,0,0,4880,0,15,0,0,0,17,0,0
4881,4881,0,0,0,0,0,0,0,0,0,0,0,4881,9,17,0,0,0,0,0,0
4890,4890,0,0,0,0,0,0,0,0,0,0,0,4890,11,14,0,11,11,10,0,11
4910,4910,0,0,0,0,0,0,0,0,0,0,0,4910,0,9,0,8,0,4,0,3
4920,4920,0,0,0,0,0,0,0,0,0,0,0,4920,0,32,0,10,0,39,0,6
4921,4921,0,0,0,0,0,0,0,0,0,0,0,4921,0,34,0,8,0,60,0,6
4922,4922,0,0,0,0,0,0,0,0,0,0,0,4922,0,31,0,9,0,32,0,4
4923,4923,0,0,0,0,0,0,0,0,0,0,0,4923,0,31,0,5,0,32,0,5
4940,4940,0,0,4,0,0,0,0,0,0,0,0,4940,0,21,0,14,0,15,0,9
4941,4941,0,0,4,0,0,0,0,0,0,0,0,4941,0,13,0,28,0,15,0,24
4950,4950,0,0,4,0,0,0,0,0,0,0,0,4950,0,10,0,0,0,0,0,7
4960,4960,0,0,0,0,0,0,0,0,0,0,0,4960,56,16,0,0,0,0,0,0
